ID,Text,Condition,Rating_Sense1,Rating_Sense2,Rating_IsFunny,Accuracy,RT_Sense1,RT_Sense2,RT_SenseAverage,RT_IsJoke,RT_IsFunny,Delta,Reading_Time,Rank,Version,Joke,Critical,Meaning1,Meaning2,key_resp_sentence.rt,slider_relatedness_responseValue,slider_relatedness_responseTime,key_resp_IsItJoke.rt,slider_IsItFunny_responseValue,slider_IsItFunny_responseTime,DistanceFromCenter,Correct,key_resp_sentence.rt_winsor,slider_relatedness_responseTime_winsor,key_resp_IsItJoke.rt_winsor,slider_IsItFunny_responseTime_winsor,N_correct,key_resp_relatedness.rt,key_resp_relatedness.rt_winsor,Kind
1.0,"""- Is this safe to eat?"" 
""- No, it's for storing valuable objects""",Joke,6.026315789473684,6.105263157894737,5.2894736842105265,1.0,3.632450244735513,2.654476513158212,3.143463378946863,1.9310602026308683,2.466615744736945,1.2894736842105263,5.251420852631997,34,Original,,,,,,,,,,,,,,,,,,,,Joke
2.0,The key to excel in sports is to stay positive,Joke,5.625,5.0,4.125,1.0,2.7119027500000357,1.6036522124997248,2.15777748124988,2.76175730000017,1.3626144375003548,2.625,2.47284772500143,106,Original,,,,,,,,,,,,,,,,,,,,Joke
3.0,Two cellphones got married. The reception was fantastic,Joke,5.86,6.34,5.38,1.0,2.3130746659974557,1.7960603940023292,2.0545675299998925,1.4525747180035842,1.8031237080017215,1.08,4.006544466000297,22,Original,,,,,,,,,,,,,,,,,,,,Joke
4.0,"Joan d'Arc was not great at her job, she got fired",Joke,6.0,5.909090909090909,4.454545454545454,1.0,2.707530404545526,2.0631401136344865,2.3853352590900068,4.144545145454882,1.8280511727273896,1.3636363636363635,5.1564054636354095,35,Original,,,,,,,,,,,,,,,,,,,,Joke
5.0,Two fish in a tank. One says: ‘How do you drive this thing?',Joke,5.833333333333333,6.395833333333333,5.583333333333333,1.0,2.457812016663842,2.2143400249984637,2.336076020831153,1.793819847916699,1.833284143749547,1.2708333333333333,4.6177348687503486,32,Original,,,,,,,,,,,,,,,,,,,,Joke
6.0,The problem with kleptomaniacs is that they always take things literally.,Joke,5.512820512820513,5.717948717948718,4.923076923076923,1.0,4.382466741024986,3.3873449256405843,3.8849058333327857,3.994602343589734,1.8757005102561788,1.5897435897435896,5.875135046154087,45,Original,,,,,,,,,,,,,,,,,,,,Joke
7.0,The teacher's eyes were crossed because she could not control her pupils,Joke,6.725,6.525,5.05,1.0,2.5138604174996515,1.5346953000000525,2.024277858749852,2.8868847950000456,1.6239820350009864,0.45,5.497370505000331,2,Original,,,,,,,,,,,,,,,,,,,,Joke
8.0,I told her I was going to make her mine. She has extracted two rubies so far,Joke,6.217391304347826,6.173913043478261,5.195652173913044,1.0,3.44049453695708,1.7569633413040224,2.598728939130551,1.8245184434782045,1.5746547326081248,1.0,8.47662508913041,16,Original,,,,,,,,,,,,,,,,,,,,Joke
9.0,"I don't like people who take drugs, for example: airport security.",Joke,6.130434782608695,5.673913043478261,5.5,1.0,2.6466319195640597,2.026746313042019,2.336689116303039,1.707897034782876,1.6897612956493098,1.2826086956521738,4.446630004348186,33,Original,,,,,,,,,,,,,,,,,,,,Joke
10.0,"""-Order in the court!"" 
""-Ham and cheese on rye, your Honour."" ",Joke,5.84,5.9,5.12,1.0,2.9751943119991053,3.417032580000257,3.196113445999681,2.162053880000442,2.011641645999291,1.14,5.067994801999864,26,Original,,,,,,,,,,,,,,,,,,,,Joke
11.0,Cannibals don't eat clowns because they taste funny,Joke,6.288461538461538,6.403846153846154,4.903846153846154,1.0,2.329520351923627,1.6029704692291882,1.966245410576408,1.804486442307358,1.699257536538161,1.0,3.7694697249990456,17,Original,,,,,,,,,,,,,,,,,,,,Joke
12.0,"After seeing the salad dressing, the tomato turned red",Joke,6.06,6.08,5.22,1.0,2.873388544001689,2.421374435998175,2.647381489999932,2.1288539879987365,1.7788076200001184,1.1,4.271916247999931,23,Original,,,,,,,,,,,,,,,,,,,,Joke
13.0,The bank couldn't keep any secrets because it had too many tellers,Joke,5.645833333333333,5.791666666666667,4.979166666666667,1.0,2.404253639584387,2.0976155062519672,2.2509345729181773,1.7741000000018208,1.7744223166625634,1.1458333333333333,4.055322258334056,28,Original,,,,,,,,,,,,,,,,,,,,Joke
14.0,"I heard he was on a roll, turns out he fell asleep at the bakery.",Joke,5.568181818181818,5.886363636363637,4.863636363636363,1.0,3.5575390227288453,1.8231293704535576,2.690334196591201,2.392360300002622,1.6360864977309213,1.5909090909090908,5.287567197727065,46,Original,,,,,,,,,,,,,,,,,,,,Joke
15.0,"I asked the librarian for books about paranoia. She whispered, ""They're right behind you!""",Joke,5.851063829787234,5.851063829787234,5.595744680851064,1.0,3.6005657510680433,3.1780449255319017,3.3893053382999723,2.477518078724432,2.030276540425996,1.6170212765957446,6.307065438299727,48,Original,,,,,,,,,,,,,,,,,,,,Joke
16.0,"The restaurant on the moon had great food, but no atmosphere",Joke,6.282608695652174,6.260869565217392,5.086956521739131,1.0,2.892652550000786,1.7070018869548045,2.2998272184777946,1.896524145652887,1.6468573304358098,0.8043478260869565,4.856401880436107,8,Original,,,,,,,,,,,,,,,,,,,,Joke
17.0,Secret agents don't sleep because they don't want to give away their covers,Joke,6.190476190476191,6.261904761904762,5.0,1.0,3.419773285713962,2.3633627595207067,2.891568022617334,2.4662015095258094,1.7670456523845437,1.119047619047619,6.1140918880946895,25,Original,,,,,,,,,,,,,,,,,,,,Joke
18.0,Why was the belt arrested? For holding up a pair of pants,Joke,4.980392156862745,5.607843137254902,4.294117647058823,1.0,3.186307594115952,2.7225330254905535,2.954420309803253,2.823980496076782,2.034497354901093,1.4509803921568627,5.110799788233642,40,Original,,,,,,,,,,,,,,,,,,,,Joke
19.0,The actor fell through the floorboards: he was going through a stage,Joke,6.261904761904762,6.119047619047619,5.0,1.0,2.615049873812931,1.9209611880933128,2.268005530953122,1.7737990476199836,2.45436593809551,1.0476190476190477,5.1234685523822225,21,Original,,,,,,,,,,,,,,,,,,,,Joke
20.0,Mac users don't get enough sunlight because they don't have Windows,Joke,6.2,6.48,5.42,1.0,2.3418752019997213,1.9517111720012392,2.1467931870004806,2.0016456439986565,1.8624386519979703,0.96,4.817023684002789,14,Original,,,,,,,,,,,,,,,,,,,,Joke
21.0,The calendar was worried. Its days were numbered.,Joke,6.153846153846154,6.403846153846154,5.346153846153846,1.0,2.911384201924427,1.9851764980740472,2.448280349999237,1.4640572250028054,1.537403940383974,0.6730769230769231,3.216836842308435,6,Original,,,,,,,,,,,,,,,,,,,,Joke
22.0,The skeleton didn't ask her out. He didn't have the guts,Joke,6.571428571428571,6.469387755102041,5.489795918367347,1.0,2.2791263122446455,1.857263214288567,2.0681947632666065,1.768458544899835,2.0179475081667455,0.6326530612244898,4.364835987753292,5,Original,,,,,,,,,,,,,,,,,,,,Joke
23.0,Why did the painting go to jail? Because it was framed,Joke,5.446808510638298,5.468085106382978,4.914893617021277,1.0,3.654611151065468,1.9583277680876612,2.8064694595765647,2.139058974469783,1.7785693127672102,0.9148936170212766,3.578066855318593,13,Original,,,,,,,,,,,,,,,,,,,,Joke
24.0,The graveyard is the dead center of town,Joke,5.7105263157894735,5.7105263157894735,4.5,1.0,3.6495080052629545,2.251000428948056,2.9502542171055053,2.030660957894991,2.096677150000454,1.9473684210526316,3.916628647368779,65,Original,,,,,,,,,,,,,,,,,,,,Joke
25.0,She had a photographic memory but never developed it.,Joke,6.0,6.377777777777778,4.666666666666667,1.0,2.4803031844423407,1.8649291622214603,2.1726161733319005,1.828387246665534,1.431380115557896,0.7333333333333333,5.208320648889457,7,Original,,,,,,,,,,,,,,,,,,,,Joke
26.0,I got fired from the calendar factory. All I did was take a day off.,Joke,4.3061224489795915,5.142857142857143,5.081632653061225,1.0,4.275352483673677,3.448681010203746,3.862016746938711,2.2294243653049985,1.575952532654383,2.7142857142857144,5.6899643918361305,109,Original,,,,,,,,,,,,,,,,,,,,Joke
27.0,I told her that she was drawing her eyebrows too high; she looked surprised,Joke,6.121951219512195,6.341463414634147,5.682926829268292,1.0,2.55975306341387,1.7648128951221158,2.1622829792679927,1.4389036951220966,1.5852052121941131,0.8536585365853658,4.16138937073326,9,Original,,,,,,,,,,,,,,,,,,,,Joke
28.0,"I used to be a banker, but I lost interest",Joke,6.133333333333334,6.155555555555556,5.133333333333334,1.0,2.6597696155581465,1.9111642577766108,2.2854669366673788,1.4283757755586268,1.6748080777718135,0.8666666666666667,2.658701088886487,11,Original,,,,,,,,,,,,,,,,,,,,Joke
29.0,"I couldn't figure out how to use the seatbelt, but then it clicked.",Joke,6.093023255813954,6.488372093023256,4.976744186046512,1.0,2.5064298255775443,1.7286481906992692,2.1175390081384067,1.904740409304961,1.719899225581357,0.627906976744186,3.5933074139555155,4,Original,,,,,,,,,,,,,,,,,,,,Joke
30.0,"I wondered why the car was getting bigger, and then it hit me.",Joke,6.595744680851064,6.48936170212766,5.638297872340425,1.0,2.8813041680834255,1.956386687232975,2.4188454276582,1.4733427000052262,2.1050958765952097,0.4042553191489361,3.869845472342092,1,Original,,,,,,,,,,,,,,,,,,,,Joke
31.0,"I wanted to learn to use the gear stick, but I couldn't find a manual",Joke,6.242424242424242,5.96969696969697,4.9393939393939394,1.0,3.7548196060619734,1.773147224242607,2.76398341515229,1.754796263635433,1.3984198787885485,1.0,4.791426469695838,18,Original,,,,,,,,,,,,,,,,,,,,Joke
32.0,"I thought about going on an all-almond diet, but that's just nuts!",Joke,6.0588235294117645,6.2745098039215685,4.764705882352941,1.0,2.4721492764694775,1.6190575313682272,2.0456034039188524,1.6926038333324729,1.2801141901950135,1.03921568627451,4.514630835290605,20,Original,,,,,,,,,,,,,,,,,,,,Joke
33.0,I tried to be a carpenter but I couldn't nail it.,Joke,5.25531914893617,5.680851063829787,5.1063829787234045,1.0,2.365923617019065,2.062533202126031,2.214228409572548,1.603007338300368,1.3958066021246232,2.3404255319148937,3.215541546810409,91,Original,,,,,,,,,,,,,,,,,,,,Joke
34.0,"I lost my left hand in an accident, I'm all right now.",Joke,6.040816326530612,6.040816326530612,5.142857142857143,1.0,2.6147287530610654,1.7242348673468155,2.1694818102039406,1.6643311428610736,1.5288727897931615,1.1428571428571428,3.954513812242727,27,Original,,,,,,,,,,,,,,,,,,,,Joke
35.0,The communist loved the summer because there were no classes,Joke,6.162162162162162,6.27027027027027,5.027027027027027,1.0,2.4479943999976292,1.894037586486836,2.1710159932422326,1.627683305410313,1.520133854049784,0.8648648648648649,4.2283712648661576,10,Original,,,,,,,,,,,,,,,,,,,,Joke
36.0,How do you make the turtle fast? Take away its food.,Joke,6.205128205128205,6.128205128205129,4.538461538461538,1.0,2.1243490538434298,1.7728494230812384,1.948599238462334,1.9808156820553775,1.4375981282064223,1.4102564102564104,4.095185912821582,38,Original,,,,,,,,,,,,,,,,,,,,Joke
37.0,It's hard for leopards to hide as they're always spotted.,Joke,6.466666666666667,6.4222222222222225,5.066666666666666,1.0,1.9851131311115144,1.8345585022248392,1.9098358166681768,1.4590670044468677,1.301847022224274,0.4888888888888889,3.8289402733289686,3,Original,,,,,,,,,,,,,,,,,,,,Joke
38.0,"""-This coffee tastes like mud"" 
""-Well, it was just ground this morning!""",Joke,6.181818181818182,6.0,5.2272727272727275,1.0,2.2494943431814094,1.853295240907652,2.0513947920445306,1.8149041227238845,1.3202210545431192,1.2272727272727273,4.468107352275129,30,Original,,,,,,,,,,,,,,,,,,,,Joke
39.0,Humpty Dumpty was happy in the winter. He had a great fall.,Joke,6.333333333333333,5.976190476190476,4.785714285714286,1.0,2.540980140470516,1.741257204763564,2.14111867261704,1.8496195333342,1.4589121333328658,0.8809523809523809,4.115135895238176,12,Original,,,,,,,,,,,,,,,,,,,,Joke
40.0,Energizer bunny arrested: charged with battery,Joke,6.42,6.22,5.52,1.0,2.484085359999181,1.8378080659978375,2.160946712998509,1.3972352080026986,1.157667494000807,1.0,4.408673324001268,19,Original,,,,,,,,,,,,,,,,,,,,Joke
1.0,"""- Is this safe locked?"" 
""- No, I left it open on purpose""",Sense1,5.5625,5.75,1.71875,1.0,2.9752079624951087,2.44997986874624,2.7125939156206744,2.84352029687852,1.9267591593733933,2.0625,6.364713674994444,70,Original,,,,,,,,,,,,,,,,,,,,Non-joke
2.0,Sometimes in sports anti-doping tests are positive,Sense1,4.64,4.98,1.4,1.0,4.71327653799859,3.0053827659999843,3.8593296519992872,3.0695717340039503,2.5396408980005094,3.02,5.139598044003603,113,Original,,,,,,,,,,,,,,,,,,,,Non-joke
3.0,Two friends got married. The reception was fantastic,Sense1,5.28,5.3,1.52,1.0,3.057757711999584,2.0202997700024072,2.5390287410009957,2.1596729559980075,1.543037092000136,2.3,4.331285337996767,87,Original,,,,,,,,,,,,,,,,,,,,Non-joke
4.0,"The lawyer was not great at her job, she got fired",Sense1,5.711538461538462,5.403846153846154,1.4615384615384617,1.0,2.2740578730786467,1.9144713576920456,2.094264615385346,2.1123929500020435,1.6221809307708033,2.269230769230769,4.011983215381756,83,Original,,,,,,,,,,,,,,,,,,,,Non-joke
5.0,Two fish in a tank. One says: ‘When do you think we'll get fed?',Sense1,5.634146341463414,5.2682926829268295,1.5609756097560976,1.0,2.3229637658515436,1.6832122390206046,2.003088002436074,2.5901457902419436,1.3455008414664766,2.3658536585365852,4.797488629269102,95,Original,,,,,,,,,,,,,,,,,,,,Non-joke
6.0,The problem with thieves is that they always take other people's things,Sense1,5.116279069767442,5.209302325581396,1.4883720930232558,1.0,2.6483585651142487,2.631856388371018,2.640107476742634,2.142640497674419,1.341640781398919,2.4651162790697674,4.679124969766547,99,Original,,,,,,,,,,,,,,,,,,,,Non-joke
7.0,The woman was cross-eyed because she could not control her pupils,Sense1,5.933333333333334,6.1,1.7666666666666666,1.0,2.5674255199951137,1.637149459995453,2.1022874899952835,3.211319413331917,1.7838418200027757,1.4333333333333331,4.953646089999671,39,Original,,,,,,,,,,,,,,,,,,,,Non-joke
8.0,I told her I was going to make her mine. She loved the idea of marrying me,Sense1,5.44,5.38,1.58,1.0,2.45309435200038,2.0314572819981778,2.242275816999279,2.764241266001145,1.4767677840001214,2.46,4.877120415999439,98,Original,,,,,,,,,,,,,,,,,,,,Non-joke
9.0,"I don't like people who take drugs, for example: cocaine addicts",Sense1,5.612244897959184,5.6938775510204085,1.2857142857142858,1.0,2.353705132654132,1.9955336775541888,2.1746194051041603,1.6462611857118274,1.4340798551014518,1.9591836734693877,4.0936665449022795,67,Original,,,,,,,,,,,,,,,,,,,,Non-joke
10.0,"""-Order in the cafeteria"" 
""-Ham and cheese on rye, please."" ",Sense1,5.317073170731708,5.219512195121951,1.4390243902439024,1.0,2.4063231243936576,2.758224526831241,2.5822738256124493,2.50823403902363,1.4868387512157168,2.1951219512195124,4.476567797556566,79,Original,,,,,,,,,,,,,,,,,,,,Non-joke
11.0,Cannibals don't eat rotten eggs because they taste funny,Sense1,5.4411764705882355,4.911764705882353,2.1176470588235294,1.0,2.746414664705305,1.9105915764705113,2.328503120587908,2.818132164705249,1.9105735382365832,2.9411764705882355,4.85164979705936,112,Original,,,,,,,,,,,,,,,,,,,,Non-joke
12.0,"After seeing the salad dressing, the chef was satisfied",Sense1,5.2,5.171428571428572,1.4,1.0,2.505196588571211,2.4158515428569185,2.460524065714065,2.8977024485696803,2.264721897145624,2.7142857142857144,4.790978854283219,110,Original,,,,,,,,,,,,,,,,,,,,Non-joke
13.0,The receptionist considered himself a teller of hard truths,Sense1,4.886363636363637,4.840909090909091,1.7045454545454546,1.0,3.3175310977269263,2.431850834092917,2.8746909659099216,2.690733663635658,1.6864282477230137,2.3181818181818183,6.652717736360901,89,Original,,,,,,,,,,,,,,,,,,,,Non-joke
14.0,"I heard he was on a roll, turns out his last three books were bestsellers.",Sense1,4.777777777777778,5.333333333333333,1.4666666666666666,1.0,2.903370364443486,2.55868867999973,2.7310295222216077,3.0423553288901783,1.9624940111119789,2.6444444444444444,6.956021579997559,107,Original,,,,,,,,,,,,,,,,,,,,Non-joke
15.0,"I asked the chief about the spies. She whispered, ""They're right behind you!""",Sense1,6.0,5.861111111111111,1.8055555555555556,1.0,3.753049922221843,2.7518278916616814,3.2524389069417623,3.8800876250034264,2.202859780556057,1.5833333333333333,6.682342038887829,44,Original,,,,,,,,,,,,,,,,,,,,Non-joke
16.0,"The restaurant at the resort had great food, but no atmosphere",Sense1,5.612244897959184,5.755102040816326,1.4285714285714286,1.0,3.136614199999889,2.194830544897105,2.6657223724484966,2.8719207959196473,1.489481816326602,1.816326530612245,5.227629251019157,58,Original,,,,,,,,,,,,,,,,,,,,Non-joke
17.0,Sleepy people don't want to give up their bed covers,Sense1,5.3023255813953485,5.209302325581396,1.4883720930232558,1.0,3.2780619465109413,2.5392327511622117,2.9086473488365767,2.756167137208977,1.5158217534883058,3.0232558139534884,4.716618604652331,115,Original,,,,,,,,,,,,,,,,,,,,Non-joke
18.0,Why was the belt created? For holding up a pair of pants,Sense1,4.384615384615385,4.846153846153846,1.5384615384615383,1.0,3.0931228128208192,2.991879979487568,3.0425013961541936,2.3870804615383476,1.7299702205126637,2.6153846153846154,5.145067956409707,104,Original,,,,,,,,,,,,,,,,,,,,Non-joke
19.0,The toddler would only eat pasta: he was going through a stage,Sense1,5.553191489361702,5.553191489361702,1.3404255319148937,1.0,3.0091859148911886,2.0528073914882654,2.530996653189727,2.79473521915296,1.6390750000004883,2.382978723404255,6.0241957531958334,96,Original,,,,,,,,,,,,,,,,,,,,Non-joke
20.0,Prisoners don't get enough light because they don't have windows,Sense1,5.553191489361702,5.957446808510638,1.4893617021276595,1.0,2.8692704510621794,2.837393685105021,2.8533320680836,2.9391150659588687,1.956117168081464,1.8085106382978724,5.234235097872486,57,Original,,,,,,,,,,,,,,,,,,,,Non-joke
21.0,The man on death row was worried. His days were numbered.,Sense1,5.809523809523809,5.857142857142857,1.5714285714285714,1.0,2.630045678572344,2.2704601023805036,2.450252890476424,2.373995652383033,1.4830240952364442,1.380952380952381,7.463493359520999,36,Original,,,,,,,,,,,,,,,,,,,,Non-joke
22.0,The man didn't ask her out. He didn't have the guts,Sense1,6.288888888888889,6.066666666666666,1.6222222222222222,1.0,2.3423697977796794,2.304170591112193,2.323270194445936,3.2155336066677314,2.018648171111742,1.1111111111111112,5.56770376222308,24,Original,,,,,,,,,,,,,,,,,,,,Non-joke
23.0,Why did your brother go to jail? Because he was framed,Sense1,4.51063829787234,5.0638297872340425,1.4893617021276595,1.0,2.8866960085098032,2.180493004252504,2.533594506381154,2.441570870218284,1.8301036212776531,1.6595744680851063,3.944038078723432,52,Original,,,,,,,,,,,,,,,,,,,,Non-joke
24.0,A mortuary can be thought of as a dead center,Sense1,5.615384615384615,4.5,1.4615384615384617,1.0,3.7688746538384086,3.697473623075233,3.733174138456821,3.082601515375459,1.8170128846167717,2.3461538461538463,5.165996280768473,92,Original,,,,,,,,,,,,,,,,,,,,Non-joke
25.0,She had a bright mind but never developed it.,Sense1,5.416666666666667,5.833333333333333,1.4791666666666667,1.0,2.817457154167672,2.571078483332279,2.6942678187499753,2.016298627084334,1.5813880062492298,1.875,5.5223798916675015,62,Original,,,,,,,,,,,,,,,,,,,,Non-joke
26.0,I got fired from the chocolate factory. All I did was take a day off.,Sense1,3.8333333333333335,4.1875,1.4583333333333333,1.0,4.53294260416467,4.74018056041739,4.63656158229103,2.4790415187508805,1.8960865333374717,3.8541666666666665,7.059760006250692,120,Original,,,,,,,,,,,,,,,,,,,,Non-joke
27.0,She wasn't expecting me because I came unannounced; she looked surprised.,Sense1,6.078431372549019,5.980392156862745,1.411764705882353,1.0,3.315200592160112,2.400577050980759,2.8578888215704357,2.524648776469812,1.6410035862722572,0.9607843137254902,6.903650001959427,15,Original,,,,,,,,,,,,,,,,,,,,Non-joke
28.0,"I used to be into chess, but I lost interest",Sense1,5.479166666666667,5.854166666666667,1.6666666666666667,1.0,5.048133154165543,2.307967383330554,3.678050268748049,1.813373685417872,1.5779442062493558,1.875,4.089323206248743,63,Original,,,,,,,,,,,,,,,,,,,,Non-joke
29.0,"I couldn't figure out how to solve the math problem, but then it clicked.",Sense1,5.530612244897959,5.8979591836734695,1.4489795918367347,1.0,2.6391567000023386,2.144033502039397,2.391595101020868,2.1466235959189097,1.7998858163237712,1.6326530612244898,4.36922832652967,50,Original,,,,,,,,,,,,,,,,,,,,Non-joke
30.0,"I had no idea who could have done this, and then it hit me.",Sense1,5.931818181818182,6.090909090909091,1.5454545454545454,1.0,2.3277703500032305,2.2065225886338093,2.26714646931852,2.326265534095388,1.7023335113652716,1.3863636363636365,4.978930997727266,37,Original,,,,,,,,,,,,,,,,,,,,Non-joke
31.0,"I wanted to learn how to operate the new machine, but I couldn't find a manual",Sense1,5.48,5.8,1.44,1.0,2.673261965999213,1.7301635260003103,2.2017127459997616,2.1640442319966224,1.3501284880016875,2.36,4.980943548000016,94,Original,,,,,,,,,,,,,,,,,,,,Non-joke
32.0,"I thought I'd have cashews and almonds in my balanced meal, but that's just nuts",Sense1,4.833333333333333,6.25,2.25,1.0,1.8753835500012128,1.7594741833360483,1.8174288666686305,4.017584050000816,1.4523630083317585,2.25,3.9877196666649297,82,Original,,,,,,,,,,,,,,,,,,,,Non-joke
33.0,I tried to sing a very difficult song but I couldn't nail it.,Sense1,4.6521739130434785,5.239130434782608,1.434782608695652,1.0,2.4393297369590528,2.0364213804328837,2.2378755586959684,1.92950039130939,1.6165225934768557,3.0217391304347827,4.372453019564654,114,Original,,,,,,,,,,,,,,,,,,,,Non-joke
34.0,"I was sick for a long time, I'm all right now.",Sense1,5.5,5.583333333333333,1.2916666666666667,1.0,2.50742410625152,2.212055449995906,2.3597397781237133,2.049020172916812,1.256836212501734,2.4583333333333335,3.225084743748333,97,Original,,,,,,,,,,,,,,,,,,,,Non-joke
35.0,The teacher loved the summer because there were no classes,Sense1,5.56,5.54,1.54,1.0,2.0966216160030173,1.9001591339973447,1.998390375000181,1.851016902000033,2.052017041998088,2.34,3.49410528800144,90,Original,,,,,,,,,,,,,,,,,,,,Non-joke
36.0,How do you make the car fast? Take away the brakes.,Sense1,5.35,5.5,1.95,1.0,2.6221567000001187,2.493511445000911,2.557834072500514,4.313410709999391,1.3855796650002277,2.55,7.925420045000981,102,Original,,,,,,,,,,,,,,,,,,,,Non-joke
37.0,It's hard for people with neon clothes to hide as they're always spotted.,Sense1,5.54054054054054,5.891891891891892,1.5945945945945943,1.0,2.5348040216264125,2.3097363405448457,2.4222701810856293,2.7832002864838308,1.4682931000004371,1.972972972972973,4.968015370269983,68,Original,,,,,,,,,,,,,,,,,,,,Non-joke
38.0,"""-There is only sea here"" 
""-Well, it was just ground this morning!""",Sense1,4.9,5.575,1.5,1.0,3.5259725600021,1.9509085750031032,2.738440567502602,2.8098046874997467,1.2999527950014282,2.225,7.048454317498335,81,Original,,,,,,,,,,,,,,,,,,,,Non-joke
39.0,The University Student was happy in the winter. He had a great fall.,Sense1,5.875,5.775,1.3,1.0,2.279394392500774,1.5283875374999412,1.9038909650003577,2.602863947497309,1.5541160575032336,1.7,5.074175600003622,55,Original,,,,,,,,,,,,,,,,,,,,Non-joke
40.0,Local man arrested: charged with battery,Sense1,5.622222222222222,5.622222222222222,1.3777777777777778,1.0,2.3808331177752735,1.8543322266622504,2.117582672218762,2.054229828892297,1.372400462222029,2.311111111111111,3.3314180177771,88,Original,,,,,,,,,,,,,,,,,,,,Non-joke
1.0,"""- Is this safe to eat?"" 
""- Yes, I had it for breakfast""",Sense2,5.729166666666667,5.354166666666667,1.4583333333333333,1.0,4.626655260418299,2.8419804645849993,3.734317862501649,3.0486526874997133,2.043158258335602,2.125,5.81393407083133,73,Original,,,,,,,,,,,,,,,,,,,,Non-joke
2.0,The key to a happy life is to stay positive,Sense2,4.52,4.24,1.6,1.0,4.188890346001,3.1496210480021465,3.6692556970015735,3.1567762379971644,2.2236560119996627,3.76,3.612503676002332,119,Original,,,,,,,,,,,,,,,,,,,,Non-joke
3.0,Two cellphones were tested. The reception was fantastic,Sense2,5.511627906976744,5.511627906976744,1.558139534883721,1.0,2.9131890790738426,1.9801677116245993,2.446678395349221,3.11948526744342,1.5944048999975478,1.9534883720930232,4.755428818604259,66,Original,,,,,,,,,,,,,,,,,,,,Non-joke
4.0,"The oven was ready for the pizza, it was wood fired",Sense2,5.5,5.630434782608695,1.5869565217391304,1.0,2.6596126478253095,2.2703251673923877,2.4649689076088483,3.0333972978270367,1.509476006523414,2.1739130434782608,5.688793973915526,76,Original,,,,,,,,,,,,,,,,,,,,Non-joke
5.0,Two soldiers in a tank. One says: ‘How do you drive this thing?',Sense2,5.057142857142857,5.542857142857143,2.1714285714285713,1.0,1.926321799998329,1.6987236771421976,1.8125227385702631,2.3356822714266077,1.5964364171494383,2.4857142857142858,3.9339634714226137,100,Original,,,,,,,,,,,,,,,,,,,,Non-joke
6.0,The problem with some people is that they always take things literally.,Sense2,5.229166666666667,5.333333333333333,1.6666666666666667,1.0,2.881461024998103,2.2817355249989077,2.581598274998506,2.6947645354127494,1.567415402080968,1.8541666666666667,4.804888047916809,61,Original,,,,,,,,,,,,,,,,,,,,Non-joke
7.0,The teacher was fired because she could not control her pupils,Sense2,5.8,6.377777777777778,1.4666666666666666,1.0,2.316532024444493,1.6194306288902327,1.967981326667363,2.2955296577761852,1.694970862220387,1.511111111111111,4.172510855560208,42,Original,,,,,,,,,,,,,,,,,,,,Non-joke
8.0,"The foreman told him to go to the mine. He said: ""that's what you pay me for""",Sense2,5.619047619047619,6.023809523809524,1.4523809523809523,1.0,2.246518016662825,3.3020153095250855,2.774266663093955,2.5368575690473127,1.2823933547625783,1.6428571428571428,8.48645127381114,51,Original,,,,,,,,,,,,,,,,,,,,Non-joke
9.0,"I don't like people who take my stuff, for example: airport security.",Sense2,5.162162162162162,5.081081081081081,1.5945945945945943,1.0,2.611072959461593,1.9016676243260204,2.2563702918938064,2.102857718916496,1.564596389192244,2.3513513513513513,4.565550994596048,93,Original,,,,,,,,,,,,,,,,,,,,Non-joke
10.0,"""-Order in the court!"" 
""-I apologise, I will be silent, your Honour."" ",Sense2,5.204081632653061,5.673469387755102,1.5714285714285714,1.0,3.37818536122602,2.8229697244879106,3.100577542856965,2.261287730614566,1.724631393881145,1.6938775510204085,4.724531444898114,54,Original,,,,,,,,,,,,,,,,,,,,Non-joke
11.0,The circus hires clowns because they are funny,Sense2,5.895833333333333,6.0,1.4166666666666667,1.0,2.5950889125028858,1.836820993751412,2.2159549531271487,2.071448406248012,1.532893425001826,1.6041666666666667,3.5253455645821603,47,Original,,,,,,,,,,,,,,,,,,,,Non-joke
12.0,"After seeing the woman dressing, the man turned red",Sense2,5.5625,5.291666666666667,1.6875,1.0,3.4386816395825974,2.4058819145798886,2.922281777081243,2.47355796458109,1.8901115500027144,2.1041666666666665,4.449667118753868,71,Original,,,,,,,,,,,,,,,,,,,,Non-joke
13.0,The bank had to fire a few employees because it had too many tellers,Sense2,5.526315789473684,4.7631578947368425,1.5263157894736843,1.0,2.5974452763153257,2.232246028947435,2.4148456526313806,1.8476984526317712,1.5449760421047418,2.1315789473684212,5.365301863157966,74,Original,,,,,,,,,,,,,,,,,,,,Non-joke
14.0,"I heard he wanted a roll for lunch, I went to the bakery",Sense2,4.955555555555556,5.288888888888889,1.4666666666666666,1.0,2.6029437755539626,2.0690995533353593,2.3360216644446608,2.5815000155534005,1.8271741533304875,2.8666666666666667,7.414828873336592,111,Original,,,,,,,,,,,,,,,,,,,,Non-joke
15.0,"I asked the librarian for books about cooking. She whispered, ""They're right behind you!""",Sense2,5.409090909090909,5.4772727272727275,1.4090909090909092,1.0,3.1751120568162503,2.6590616977247548,2.9170868772705028,2.3895490454513553,1.907161470457171,2.5681818181818183,6.163767402276614,103,Original,,,,,,,,,,,,,,,,,,,,Non-joke
16.0,You can't breathe on the moon because there's no atmosphere,Sense2,5.695652173913044,5.782608695652174,1.5217391304347827,1.0,2.7384876347807183,2.220835136960155,2.4796613858704366,1.854497167394065,1.2635680021762266,1.7826086956521738,4.363399556520758,56,Original,,,,,,,,,,,,,,,,,,,,Non-joke
17.0,Secret agents don't date because they don't want to give away their covers,Sense2,5.444444444444445,5.555555555555555,1.5,1.0,2.4764124111093953,2.4441555611079355,2.4602839861086654,2.1876809472241203,2.027073525000961,1.9444444444444444,5.283696780558994,64,Original,,,,,,,,,,,,,,,,,,,,Non-joke
18.0,Why was the convict arrested? For holding up a bank,Sense2,4.288888888888889,4.7555555555555555,1.6222222222222222,1.0,3.330959137777341,3.1022630711143493,3.216611104445845,2.4840354044432136,1.4963047444499706,2.2888888888888888,4.538657313333487,85,Original,,,,,,,,,,,,,,,,,,,,Non-joke
19.0,The actor ran from left to right: he was going across the stage,Sense2,5.785714285714286,5.738095238095238,1.4761904761904765,1.0,2.6744186047603113,1.7558981309528223,2.215158367856567,2.4794760571440055,1.4382433714267953,1.619047619047619,6.462175009526476,49,Original,,,,,,,,,,,,,,,,,,,,Non-joke
20.0,Mac users get fewer viruses because they don't have Windows,Sense2,6.25,5.833333333333333,1.3333333333333333,1.0,2.4489649375014246,1.8015315250001152,2.1252482312507697,1.757777583333772,1.4068061625009705,1.25,4.490613099999198,31,Original,,,,,,,,,,,,,,,,,,,,Non-joke
21.0,The calendar was useful. Its pages were numbered.,Sense2,5.054054054054054,5.864864864864865,1.6216216216216215,1.0,4.807031727026507,2.6131675459506503,3.710099636488579,2.1998206702659955,1.4672028054067572,2.0,4.542754618918038,69,Original,,,,,,,,,,,,,,,,,,,,Non-joke
22.0,Jellyfish can't digest food internally. They don't have guts,Sense2,5.684210526315789,5.921052631578948,1.605263157894737,1.0,3.142706192109331,2.51954729736592,2.8311267447376256,2.394450050000525,1.934842078948649,1.5,4.253197484211164,41,Original,,,,,,,,,,,,,,,,,,,,Non-joke
23.0,Why did the painting cost extra? Because it was framed,Sense2,4.5,5.026315789473684,1.4473684210526316,1.0,2.9680713999999373,2.217880863158622,2.5929761315792796,2.6201869947377165,1.4067258815792372,2.1052631578947367,4.242724213158416,72,Original,,,,,,,,,,,,,,,,,,,,Non-joke
24.0,The square is the dead center of town,Sense2,4.86,4.76,1.28,1.0,3.757573714001057,3.089520578001934,3.4235471460014955,2.343937142000568,2.3383962839988524,3.46,4.414629715999057,117,Original,,,,,,,,,,,,,,,,,,,,Non-joke
25.0,She had a photographic negative but never developed it.,Sense2,5.456521739130435,5.739130434782608,1.6304347826086956,1.0,3.3044055804351133,2.333923350002035,2.819164465218574,2.3694663391258137,1.4232063869583715,1.673913043478261,5.957050978259337,53,Original,,,,,,,,,,,,,,,,,,,,Non-joke
26.0,I did not destroy the calendar. All I did was rip a day off.,Sense2,3.6206896551724137,3.9655172413793105,1.9655172413793105,1.0,6.02482256896411,4.009078913794932,5.016950741379521,2.6937660862075785,1.666233555170532,3.5172413793103448,6.447878044830049,118,Original,,,,,,,,,,,,,,,,,,,,Non-joke
27.0,I told her that she was drawing her eyebrows too high; she looked angry,Sense2,5.875,5.96875,1.875,1.0,2.738818190626432,2.503865190624964,2.621341690625698,3.0506339999988157,1.7486529406246871,1.21875,3.843888553125467,29,Original,,,,,,,,,,,,,,,,,,,,Non-joke
28.0,"I used to make money off my savings, but I lost the interest",Sense2,5.388888888888889,5.722222222222222,1.8333333333333333,1.0,2.8826734833331153,1.9925678444450468,2.437620663889081,2.793156083333795,2.1623410888895984,1.5555555555555556,6.763691355555204,43,Original,,,,,,,,,,,,,,,,,,,,Non-joke
29.0,"I thought pressing the camera button was doing nothing, but then it clicked.",Sense2,5.157894736842105,6.368421052631579,2.1578947368421053,1.0,2.9417789210512972,1.8604925526322664,2.401135736841782,2.8097564157895274,1.931800736842194,1.8421052631578947,5.295925705261718,60,Original,,,,,,,,,,,,,,,,,,,,Non-joke
30.0,"I saw the car didn't stop at the red light, and then it hit me.",Sense2,5.285714285714286,5.714285714285714,1.4285714285714286,1.0,2.6150515095240885,3.0243057571429484,2.819678633333518,2.1706551761918553,1.926035061905493,2.619047619047619,4.400408571428226,105,Original,,,,,,,,,,,,,,,,,,,,Non-joke
31.0,"I wanted to buy a car with a gear stick, but I couldn't find a manual",Sense2,5.588235294117647,5.647058823529412,2.1176470588235294,1.0,2.6042109588235074,1.7734621176467529,2.18883653823513,2.7950402764697895,1.3915749941181863,1.8235294117647056,6.530431876470877,59,Original,,,,,,,,,,,,,,,,,,,,Non-joke
32.0,"Some people believe the earth is flat, but that's just nuts!",Sense2,5.75,5.458333333333333,1.9791666666666667,1.0,2.585499660415877,1.9082928416669729,2.246896251041425,2.2557141812506623,1.6542798916664576,2.1666666666666665,4.316261474999567,75,Original,,,,,,,,,,,,,,,,,,,,Non-joke
33.0,"I tried a bigger hammer to fix the painting to the wall, but I couldn't nail it.",Sense2,4.260869565217392,5.391304347826087,1.7391304347826086,1.0,3.300565386957141,2.3792938478244174,2.839929617390779,2.644081213043453,1.7912753043479903,2.5217391304347827,11.427763100000725,101,Original,,,,,,,,,,,,,,,,,,,,Non-joke
34.0,"I used to vote for the left, I'm all right now.",Sense2,5.0,5.190476190476191,1.7142857142857142,1.0,3.189764633333934,2.3087631095246643,2.7492638714292994,1.6980451142843065,1.1243594523824805,2.1904761904761907,5.003342195244603,77,Original,,,,,,,,,,,,,,,,,,,,Non-joke
35.0,Communists love economic equality because there are no classes,Sense2,5.512195121951219,5.512195121951219,1.3658536585365857,1.0,1.9125772585362415,1.703956751221684,1.8082670048789629,2.7634716097568397,1.6981858658534914,2.292682926829268,5.722066617073856,86,Original,,,,,,,,,,,,,,,,,,,,Non-joke
36.0,How do you make the bride fast? Take away her food.,Sense2,6.0476190476190474,5.666666666666667,1.9523809523809523,1.0,3.3005756190430344,2.199783319046382,2.750179469044708,2.423809733336698,1.539999947619511,2.1904761904761907,7.720486304765061,78,Original,,,,,,,,,,,,,,,,,,,,Non-joke
37.0,It's hard for leopards to have plain fur as they're always spotted.,Sense2,5.392857142857143,5.392857142857143,1.5357142857142858,1.0,2.052124139285297,1.7385185785702135,1.8953213589277556,1.785551935715286,1.1006468750013514,2.2857142857142856,4.007044007142781,84,Original,,,,,,,,,,,,,,,,,,,,Non-joke
38.0,"""-Did you grind the nutmeg recently?"" 
""-Well, it was just ground this morning!""",Sense2,5.4,5.444444444444445,1.5777777777777775,1.0,2.613100500001797,2.0645179044420576,2.3388092022219276,2.409984102222082,1.4502158111097083,2.2222222222222223,6.644048795557273,80,Original,,,,,,,,,,,,,,,,,,,,Non-joke
39.0,The man had broken his hip in the winter. He had a great fall.,Sense2,5.75,4.958333333333333,1.4166666666666667,1.0,2.1865369125031293,1.728589195833564,1.9575630541683464,2.3661860541618203,1.602715174999929,3.125,6.247386795834899,116,Original,,,,,,,,,,,,,,,,,,,,Non-joke
40.0,No need to plug in the toy: its battery is charged,Sense2,5.235294117647059,5.352941176470588,1.3529411764705883,1.0,3.009225560783788,2.3956852921574043,2.702455426470596,2.3405838078449195,1.718082570587169,2.6666666666666665,4.639774641174397,108,Original,,,,,,,,,,,,,,,,,,,,Non-joke
1.0,,Joke,,,,,,,,,,,,31,LSR,"- Is this safe to eat?
- No, it's for storing valuable objects",SAFE,BANK,HARMLESS,7.716399999999999,4.111111111111111,6.816211111111111,3.7113111111111112,4.777777777777778,3.741777777777778,1.2222222222222223,1.0,6.884745555555555,5.675523333333332,2.497650555555555,2.983490555555554,9.0,,,Joke
2.0,,Joke,,,,,,,,,,,,119,LSR,The key to excel in sports is to stay positive,POSITIVE,STEROIDS,ATTITUDE,17.37496,6.8,9.22222,3.09707,1.1,4.69161,2.8,0.0,5.385731,4.070777,2.3092355,3.1702909999999993,0.0,,,Joke
3.0,,Joke,,,,,,,,,,,,17,LSR,Two cellphones got married. The reception was fantastic,RECEPTION,SIGNAL,PARTY,6.25735,3.5,4.67028,1.85062,5.1,2.1203200000000004,1.1,1.0,3.907279999999999,3.9159665,1.85062,2.0322604999999996,10.0,,,Joke
4.0,,Joke,,,,,,,,,,,,61,LSR,"Joan d'Arc was not great at her job, she got fired",FIRED,BURN,UNEMPLOYED,3.9469777777777777,5.777777777777778,4.687822222222223,1.6344333333333332,3.3333333333333335,1.9944111111111111,1.7777777777777777,1.0,3.9469777777777777,4.6072299999999995,1.6344333333333332,1.9944111111111111,9.0,,,Joke
5.0,,Joke,,,,,,,,,,,,36,LSR,Two fish in a tank. One says: How do you drive this thing?,TANK,WAR,WATER,9.47156,4.3,3.6008699999999996,1.50222,5.2,2.24633,1.3,1.0,4.563691,3.6008699999999996,1.5182785,2.24633,10.0,,,Joke
6.0,,Joke,,,,,,,,,,,,27,LSR,The problem with kleptomaniacs is that they always take things literally.,TAKE,STOLEN,PERSPECTIVE,4.5149333333333335,4.166666666666667,4.5442833333333335,1.9454333333333331,4.5,1.892933333333333,1.1666666666666667,1.0,4.531015833333334,4.5442833333333335,1.9454333333333331,1.892933333333333,6.0,,,Joke
7.0,,Joke,,,,,,,,,,,,19,LSR,The teacher's eyes were crossed because she could not control her pupils,PUPILS,STUDENTS,EYES,5.098111111111112,4.222222222222222,4.835466666666666,1.9711333333333336,5.0,2.6241222222222222,1.1111111111111112,1.0,5.098111111111112,4.436314999999999,1.9711333333333336,2.468800555555555,9.0,,,Joke
8.0,,Joke,,,,,,,,,,,,23,LSR,I told her I was going to make her mine. She has extracted two rubies so far,MINE,BELONG,QUARRY,5.775925,3.375,4.6035875,2.4578125,5.25,2.261275,1.125,1.0,5.862949375,4.495558749999999,2.323931875,2.1755256249999997,8.0,,,Joke
9.0,,Joke,,,,,,,,,,,,20,LSR,"I don't like people who take drugs, for example: airport security.",TAKE,SNATCH,USE,14.843633333333331,3.111111111111111,4.266355555555555,1.818622222222222,6.444444444444445,2.1734555555555555,1.1111111111111112,1.0,5.470813333333332,4.141351666666666,1.6688599999999998,2.075567222222222,9.0,,,Joke
10.0,,Joke,,,,,,,,,,,,40,LSR,"-Order in the court!
-Ham and cheese on rye, your Honour.",ORDER,ASK,JUDGE,6.127750000000001,3.4,7.29256,1.7917999999999998,4.7,2.71352,1.4,1.0,5.965851,5.7959439999999995,1.7917999999999998,2.653990999999999,10.0,,,Joke
11.0,,Joke,,,,,,,,,,,,29,LSR,Cannibals don't eat clowns because they taste funny,FUNNY,WEIRD,LAUGHTER,4.8369,4.0,3.01481,2.06651,4.4,2.01595,1.2,1.0,3.8589305,3.0212494999999997,2.06651,2.03098,10.0,,,Joke
12.0,,Joke,,,,,,,,,,,,8,LSR,"After seeing the salad dressing, the tomato turned red",DRESSING,NAKED,CAESAR,3.619275,3.75,3.2593125,1.1652625,3.375,2.6326875000000003,1.0,1.0,3.619275,3.2593125,1.1652625,1.9026756249999996,8.0,,,Joke
13.0,,Joke,,,,,,,,,,,,43,LSR,The bank couldn't keep any secrets because it had too many tellers,TELLERS,GOSSIP,CASHIER,4.873777777777778,5.444444444444445,4.051688888888889,1.6216555555555554,3.6666666666666665,2.4044222222222222,1.4444444444444444,1.0,4.796878888888888,4.114443888888889,1.6216872222222225,2.188278888888888,9.0,,,Joke
14.0,,Joke,,,,,,,,,,,,9,LSR,"I heard he was on a roll, turns out he fell asleep at the bakery.",ROLL,BREAD,SUCCESS,4.9261,3.0,4.109757142857143,1.4266142857142856,4.142857142857143,2.6098714285714286,1.0,1.0,4.9261,4.109757142857143,1.4266142857142856,2.126772857142856,7.0,,,Joke
15.0,,Joke,,,,,,,,,,,,34,LSR,"I asked the librarian for books about paranoia. She whispered, ""They're right behind you!""",RIGHT BEHIND YOU,DANGER,LOCATION,4.0322,3.5,3.42895,1.7526,5.5,1.7164875,1.25,1.0,4.0322,3.5141493749999997,1.7526,1.7164875,8.0,,,Joke
16.0,,Joke,,,,,,,,,,,,37,LSR,"The restaurant on the moon had great food, but no atmosphere",ATMOSPHERE,LIVELY,OXYGEN,2.673888888888889,3.5555555555555554,3.1745,1.3592777777777778,4.444444444444445,2.416977777777778,1.3333333333333333,1.0,2.673888888888889,3.154818333333333,1.3592777777777778,2.4062449999999997,9.0,,,Joke
17.0,,Joke,,,,,,,,,,,,42,LSR,Secret agents don't sleep because they don't want to give away their covers,COVERS,DUVET,IDENTITY,7.4073714285714285,3.142857142857143,3.902685714285714,1.6384,4.285714285714286,2.0032428571428573,1.4285714285714286,1.0,6.733101428571429,3.911956428571429,1.6384,2.0032428571428573,7.0,,,Joke
18.0,,Joke,,,,,,,,,,,,32,LSR,Why was the belt arrested? For holding up a pair of pants,HOLDING UP,FASTEN,ROB,4.4680333333333335,4.777777777777778,4.667255555555556,1.9225,3.5555555555555554,1.6953888888888888,1.2222222222222223,1.0,4.4680333333333335,3.7792966666666663,1.9225,1.784411111111111,9.0,,,Joke
19.0,,Joke,,,,,,,,,,,,10,LSR,The actor fell through the floorboards: he was going through a stage,STAGE,THEATER,PHASE,27.219387500000003,3.5,9.285975,3.1539625,5.5,2.4823625,1.0,1.0,5.449163749999999,4.556945624999999,2.0768924999999996,2.4452131249999995,8.0,,,Joke
20.0,,Joke,,,,,,,,,,,,46,LSR,Mac users don't get enough sunlight because they don't have Windows,WINDOWS,COMPUTER,GLASS,3.88422,3.3,4.32263,1.74572,4.6,2.16412,1.5,1.0,3.8873895,3.2949265,1.74572,2.16899,10.0,,,Joke
21.0,,Joke,,,,,,,,,,,,35,LSR,The calendar was worried. Its days were numbered.,NUMBERED,LIMITED,SEQUENCE,3.416975,3.5,3.3815125,1.4053875,3.5,1.78405,1.25,1.0,3.416975,3.387436875,1.427135625,1.8148,8.0,,,Joke
22.0,,Joke,,,,,,,,,,,,18,LSR,The skeleton didn't ask her out. He didn't have the guts,GUTS,COURAGE,ORGANS,5.649710000000001,3.3,2.64362,1.62846,4.3,1.70613,1.1,1.0,4.847771,2.699909,1.6352185,1.7077000000000002,10.0,,,Joke
23.0,,Joke,,,,,,,,,,,,30,LSR,Why did the painting go to jail? Because it was framed,FRAMED,TRAPPED,WOODEN,10.56498,3.0,3.1999299999999997,1.26914,3.9,1.90442,1.2,1.0,4.186100999999999,3.2174359999999993,1.2885985,1.90442,10.0,,,Joke
24.0,,Joke,,,,,,,,,,,,103,LSR,The graveyard is the dead center of town,DEAD CENTER,COFFIN,MIDDLE,4.234242857142857,5.428571428571429,3.5061571428571425,1.618185714285714,3.5714285714285716,1.8062857142857145,2.2857142857142856,1.0,4.234242857142857,3.5061571428571425,1.618185714285714,1.8375714285714284,7.0,,,Joke
25.0,,Joke,,,,,,,,,,,,38,LSR,She had a photographic memory but never developed it.,DEVELOPED,IMPROVE,FILM,2.492177777777778,3.3333333333333335,3.0253666666666668,1.3280555555555555,4.0,1.8232111111111111,1.3333333333333333,1.0,2.5942205555555553,3.033966111111111,1.3280555555555555,1.8417666666666668,9.0,,,Joke
26.0,,Joke,,,,,,,,,,,,69,LSR,I got fired from the calendar factory. All I did was take a day off.,DAY OFF,LEAVE,RIP,4.7325875,2.375,4.945525,1.608475,4.25,1.7885625,1.875,1.0,4.7325875,4.5252462499999995,1.608475,1.8074375,8.0,,,Joke
27.0,,Joke,,,,,,,,,,,,59,LSR,I told her that she was drawing her eyebrows too high; she looked surprised,LOOKED,APPEARED,EXPRESSION,4.685425,3.75,4.2902125,2.08955,4.75,2.9143375,1.75,1.0,4.685425,4.0339206249999995,2.105398125,2.1001131249999996,8.0,,,Joke
28.0,,Joke,,,,,,,,,,,,4,LSR,"I used to be a banker, but I lost interest",INTEREST,ENTHUSIASM,EARNINGS,2.9504142857142854,3.4285714285714284,4.396971428571429,1.7357571428571428,4.142857142857143,1.9056,0.5714285714285714,1.0,2.9812564285714283,4.103752857142856,1.7357571428571428,1.9076857142857144,7.0,,,Joke
29.0,,Joke,,,,,,,,,,,,33,LSR,"I couldn't figure out how to use the seatbelt, but then it clicked.",IT CLICKED,INSIGHT,SOUND,3.4729111111111113,4.111111111111111,3.612677777777778,1.4724333333333333,4.444444444444445,1.6803,1.2222222222222223,1.0,3.4729111111111113,3.6439438888888898,1.4724333333333333,1.7119888888888888,9.0,,,Joke
30.0,,Joke,,,,,,,,,,,,11,LSR,"I wondered why the car was getting bigger, and then it hit me.",IT HIT ME,REALISE,STRIKE,4.5379,4.25,2.932525,1.2938625,4.5,1.4069875,1.0,1.0,4.5379,3.011486875,1.297585625,1.450925,8.0,,,Joke
31.0,,Joke,,,,,,,,,,,,6,LSR,"I wanted to learn to use the gear stick, but I couldn't find a manual",MANUAL,HANDBOOK,TRANSMISSION,6.21326,3.2,2.78718,1.48472,3.0,2.17784,0.8,1.0,6.21326,2.78718,1.517577,2.17784,5.0,,,Joke
32.0,,Joke,,,,,,,,,,,,79,LSR,"I thought about going on an all-almond diet, but that's just nuts!",NUTS!,SQUIRREL,CRAZY,5.7225777777777775,6.0,2.877711111111111,1.833711111111111,4.111111111111111,1.5001888888888888,2.0,1.0,4.463067777777777,2.888643888888889,1.8631094444444445,1.526077777777778,9.0,,,Joke
33.0,,Joke,,,,,,,,,,,,96,LSR,I tried to be a carpenter but I couldn't nail it.,NAIL IT,SUCCEED,RUST,2.9635,1.8571428571428572,2.8056285714285716,2.2182,3.142857142857143,2.2106142857142856,2.142857142857143,1.0,3.045941428571429,2.838827857142857,1.965865,2.139657857142857,7.0,,,Joke
34.0,,Joke,,,,,,,,,,,,70,LSR,"I lost my left hand in an accident, I'm all right now.",ALL RIGHT,OK,DIRECTION,3.522525,2.125,2.96145,2.028675,3.875,1.9139,1.875,1.0,3.528124375,2.9904993749999997,1.912869375,1.9159875,8.0,,,Joke
35.0,,Joke,,,,,,,,,,,,12,LSR,The communist loved the summer because there were no classes,CLASSES,SCHOOL,STATUS,3.827816666666666,4.0,3.2632833333333333,1.4238166666666665,3.5,1.8606166666666668,1.0,1.0,3.827816666666666,3.2632833333333333,1.4238166666666665,1.9015166666666667,6.0,,,Joke
36.0,,Joke,,,,,,,,,,,,13,LSR,How do you make the turtle fast? Take away its food.,FAST,QUICK,HUNGRY,4.4332125,3.5,2.8890875,1.324125,3.5,1.51255,1.0,1.0,4.4332125,2.8890875,1.324125,1.5288875,8.0,,,Joke
37.0,,Joke,,,,,,,,,,,,3,LSR,It's hard for leopards to hide as they're always spotted.,SPOTTED,SEEN,PATTERNED,2.485175,4.5,2.2769125,1.3081375,3.75,1.6362625,0.5,1.0,2.549249375,2.29544875,1.316260625,1.7175125,8.0,,,Joke
38.0,,Joke,,,,,,,,,,,,24,LSR,"-This coffee tastes like mud 
-Well, it was just ground this morning!",GROUND,DIRT,CRUSH,3.50405,4.375,4.6515875,1.8713375,4.0,1.5965125,1.125,1.0,3.50405,4.6515875,1.8114675,1.5965125,8.0,,,Joke
39.0,,Joke,,,,,,,,,,,,44,LSR,Humpty Dumpty was happy in the winter. He had a great fall.,FALL,AUTUMN,SLIP,6.535744444444444,3.2222222222222223,2.6868555555555553,2.3404777777777777,3.5555555555555554,2.3747,1.4444444444444444,1.0,5.2216572222222215,2.6868555555555553,1.8734616666666664,1.8294227777777776,9.0,,,Joke
40.0,,Joke,,,,,,,,,,,,21,LSR,Energizer bunny arrested: charged with battery,BATTERY,ASSAULT,POWERED,2.5329555555555556,3.7777777777777777,2.5855777777777775,1.250711111111111,4.444444444444445,1.8223777777777777,1.1111111111111112,1.0,2.5329555555555556,2.6723994444444443,1.250711111111111,1.8223777777777777,9.0,,,Joke
1.0,,Sense1,,,,,,,,,,,,80,LSR,"- Is this safe locked? 
- No, I left it open on purpose",SAFE,BANK,HARMLESS,4.644144444444445,3.3333333333333335,2.816477777777778,1.5852444444444445,1.3333333333333333,1.3507,2.0,1.0,4.645677222222222,2.816477777777778,1.5852444444444445,1.3507,9.0,,,Non-joke
2.0,,Sense1,,,,,,,,,,,,91,LSR,Sometimes in sports anti-doping tests are positive,POSITIVE,STEROIDS,ATTITUDE,4.24688,2.7,3.95784,1.51683,1.3,1.45862,2.1,1.0,4.24688,3.95784,1.4742339999999998,1.45862,10.0,,,Non-joke
3.0,,Sense1,,,,,,,,,,,,104,LSR,Two friends got married. The reception was fantastic,RECEPTION,SIGNAL,PARTY,3.18921,6.3,2.82748,1.6616700000000002,1.2,1.4327,2.3,1.0,3.2271895,2.82748,1.6755570000000002,1.4327,10.0,,,Non-joke
4.0,,Sense1,,,,,,,,,,,,115,LSR,"The lawyer was not great at her job, she got fired",FIRED,BURN,UNEMPLOYED,4.53348,6.6,2.90476,8.36131,1.1,2.24079,2.6,1.0,3.6317605,2.90476,1.8134655,2.0729204999999995,10.0,,,Non-joke
5.0,,Sense1,,,,,,,,,,,,105,LSR,Two fish in a tank. One says: When do you think we'll get fed?,TANK,WAR,WATER,3.77608,6.3,2.6129100000000003,1.33523,1.5,1.53664,2.3,1.0,3.77608,2.6129100000000003,1.3831669999999998,1.53664,10.0,,,Non-joke
6.0,,Sense1,,,,,,,,,,,,109,LSR,The problem with thieves is that they always take other people's things,TAKE,STOLEN,PERSPECTIVE,5.164689999999999,1.6,2.35678,1.15863,1.1,1.3907,2.4,1.0,4.586701499999999,2.3665195,1.204377,1.3907,10.0,,,Non-joke
7.0,,Sense1,,,,,,,,,,,,53,LSR,The woman was cross-eyed because she could not control her pupils,PUPILS,STUDENTS,EYES,9.596375,5.625,3.091,1.7843,1.875,1.7612,1.625,1.0,4.287812499999999,3.091,1.78664625,1.7737500000000002,8.0,,,Non-joke
8.0,,Sense1,,,,,,,,,,,,110,LSR,I told her I was going to make her mine. She loved the idea of marrying me,MINE,BELONG,QUARRY,3.3122299999999996,1.6,2.25159,1.56035,1.6,1.53545,2.4,1.0,3.3122299999999996,2.25159,1.5632085,1.53716,10.0,,,Non-joke
9.0,,Sense1,,,,,,,,,,,,81,LSR,"I don't like people who take drugs, for example: cocaine addicts",TAKE,SNATCH,USE,3.9621625,6.0,2.3328625,1.59175,1.0,1.5648125,2.0,1.0,4.055411875,2.451386875,1.59175,1.5648125,8.0,,,Non-joke
10.0,,Sense1,,,,,,,,,,,,108,LSR,"-Order in the cafeteria 
-Ham and cheese on rye, please. ",ORDER,ASK,JUDGE,6.5589125,1.625,2.0358125,1.0910625,1.25,1.5398,2.375,1.0,6.146350624999999,2.0358125,1.116810625,1.5398,8.0,,,Non-joke
11.0,,Sense1,,,,,,,,,,,,47,LSR,Cannibals don't eat rotten eggs because they taste funny,FUNNY,WEIRD,LAUGHTER,5.1791375,3.75,4.7170875,2.968825,1.125,2.74725,1.5,1.0,5.1791375,4.7170875,2.797344375,2.417138749999999,8.0,,,Non-joke
12.0,,Sense1,,,,,,,,,,,,62,LSR,"After seeing the salad dressing, the chef was satisfied",DRESSING,NAKED,CAESAR,15.10235,4.8,4.84384,1.51294,1.3,1.75754,1.8,1.0,5.922191499999999,4.84384,1.5746885,1.75754,10.0,,,Non-joke
13.0,,Sense1,,,,,,,,,,,,39,LSR,The receptionist considered himself a teller of hard truths,TELLERS,GOSSIP,CASHIER,5.31605,3.6666666666666665,6.025966666666666,2.2159166666666668,1.1666666666666667,1.7489833333333331,1.3333333333333333,1.0,5.31605,6.025966666666666,2.1456591666666665,1.7489833333333331,6.0,,,Non-joke
14.0,,Sense1,,,,,,,,,,,,49,LSR,"I heard he was on a roll, turns out his last three books were bestsellers.",ROLL,BREAD,SUCCESS,5.935844444444445,4.0,4.2219444444444445,2.226977777777778,1.1111111111111112,1.6527777777777777,1.5555555555555556,1.0,5.935844444444445,4.2219444444444445,2.226977777777778,1.6527777777777777,9.0,,,Non-joke
15.0,,Sense1,,,,,,,,,,,,25,LSR,"I asked the chief about the spies. She whispered, ""They're right behind you!""",RIGHT BEHIND YOU,DANGER,LOCATION,7.084157142857143,4.857142857142857,6.173171428571428,3.490971428571428,1.7142857142857142,2.3491571428571425,1.1428571428571428,1.0,7.084157142857143,5.9303671428571425,3.212452142857142,2.3491571428571425,7.0,,,Non-joke
16.0,,Sense1,,,,,,,,,,,,82,LSR,"The restaurant at the resort had great food, but no atmosphere",ATMOSPHERE,LIVELY,OXYGEN,5.65644,2.2,8.473519999999999,2.04214,1.2,1.82013,2.0,1.0,4.400371,4.290543999999999,2.04214,1.82013,10.0,,,Non-joke
17.0,,Sense1,,,,,,,,,,,,101,LSR,Sleepy people don't want to give up their bed covers,COVERS,DUVET,IDENTITY,3.92675,1.75,3.4907375000000003,1.6135875,1.0,2.137625,2.25,1.0,3.957449375,3.4907375000000003,1.6135875,1.9549756249999992,8.0,,,Non-joke
18.0,,Sense1,,,,,,,,,,,,60,LSR,Why was the belt created? For holding up a pair of pants,HOLDING UP,FASTEN,ROB,4.8589375,3.5,4.62135,4.100975,1.375,2.054875,1.75,1.0,4.893849375,4.62135,3.4341331249999993,2.054875,8.0,,,Non-joke
19.0,,Sense1,,,,,,,,,,,,52,LSR,The toddler would only eat pasta: he was going through a stage,STAGE,THEATER,PHASE,8.21218,5.2,3.84477,2.78367,1.2,1.96274,1.6,1.0,6.249521,3.84477,2.5519325,1.96274,10.0,,,Non-joke
20.0,,Sense1,,,,,,,,,,,,56,LSR,Prisoners don't get enough light because they don't have windows,WINDOWS,COMPUTER,GLASS,8.215011111111112,5.222222222222222,5.8690999999999995,2.6812666666666667,1.2222222222222223,2.679222222222222,1.6666666666666667,1.0,5.996990555555555,5.115926666666665,2.5749677777777773,2.411000555555555,9.0,,,Non-joke
21.0,,Sense1,,,,,,,,,,,,57,LSR,The man on death row was worried. His days were numbered.,NUMBERED,LIMITED,SEQUENCE,4.253577777777777,2.3333333333333335,2.958911111111111,2.5066888888888887,1.4444444444444444,1.884555555555555,1.6666666666666667,1.0,4.253577777777777,2.9698327777777775,2.431315555555555,1.875889444444444,9.0,,,Non-joke
22.0,,Sense1,,,,,,,,,,,,72,LSR,The man didn't ask her out. He didn't have the guts,GUTS,COURAGE,ORGANS,3.3321222222222224,2.111111111111111,3.640188888888889,1.8144,1.2222222222222223,1.8936111111111111,1.8888888888888888,1.0,3.3321222222222224,3.6474216666666663,1.8144,1.8936111111111111,9.0,,,Non-joke
23.0,,Sense1,,,,,,,,,,,,45,LSR,Why did your brother go to jail? Because he was framed,FRAMED,TRAPPED,WOODEN,3.770922222222222,2.5555555555555554,3.5958666666666668,2.076922222222222,1.3333333333333333,1.3519,1.4444444444444444,1.0,3.8444772222222223,3.6567883333333335,2.076922222222222,1.4186,9.0,,,Non-joke
24.0,,Sense1,,,,,,,,,,,,63,LSR,A mortuary can be thought of as a dead center,DEAD CENTER,COFFIN,MIDDLE,6.05648,5.0,3.02292,2.23418,1.0,2.4229399999999996,1.8,1.0,6.05648,3.02292,2.23418,2.234060999999999,5.0,,,Non-joke
25.0,,Sense1,,,,,,,,,,,,92,LSR,She had a bright mind but never developed it.,DEVELOPED,IMPROVE,FILM,3.02442,1.9,3.96449,2.4194299999999997,1.5,1.8169,2.1,1.0,3.0790595,3.765467,2.3436554999999997,1.8185,10.0,,,Non-joke
26.0,,Sense1,,,,,,,,,,,,116,LSR,I got fired from the chocolate factory. All I did was take a day off.,DAY OFF,LEAVE,RIP,10.56475,1.3,5.25436,2.32871,1.3,1.79347,2.7,1.0,5.494891,4.973636999999999,2.32871,1.79347,10.0,,,Non-joke
27.0,,Sense1,,,,,,,,,,,,95,LSR,She wasn't expecting me because I came unannounced; she looked surprised.,LOOKED,APPEARED,EXPRESSION,6.445388888888889,2.7777777777777777,4.265933333333333,2.898411111111111,1.1111111111111112,1.606933333333333,2.111111111111111,1.0,5.878934444444444,4.265933333333333,2.415789999999999,1.6108222222222224,9.0,,,Non-joke
28.0,,Sense1,,,,,,,,,,,,83,LSR,"I used to be into chess, but I lost interest",INTEREST,ENTHUSIASM,EARNINGS,3.3522777777777777,2.2222222222222223,2.433411111111111,2.0061,1.2222222222222223,1.6636555555555557,2.0,1.0,3.385099444444444,2.440655,2.0061,1.6636555555555557,9.0,,,Non-joke
29.0,,Sense1,,,,,,,,,,,,93,LSR,"I couldn't figure out how to solve the math problem, but then it clicked.",IT CLICKED,INSIGHT,SOUND,3.62468,1.9,3.14241,1.81004,1.1,1.78674,2.1,1.0,3.6409895,3.1539495,1.81004,1.78674,10.0,,,Non-joke
30.0,,Sense1,,,,,,,,,,,,58,LSR,"I had no idea who could have done this, and then it hit me.",IT HIT ME,REALISE,STRIKE,8.36405,2.7,3.08456,1.70884,1.3,1.5189400000000002,1.7,1.0,5.450021999999999,3.08456,1.70884,1.5189400000000002,10.0,,,Non-joke
31.0,,Sense1,,,,,,,,,,,,97,LSR,"I wanted to learn how to operate the new machine, but I couldn't find a manual",MANUAL,HANDBOOK,TRANSMISSION,4.66289,1.8,2.7291,1.39194,1.2,1.43278,2.2,1.0,4.66289,2.7372395000000003,1.39194,1.43278,10.0,,,Non-joke
32.0,,Sense1,,,,,,,,,,,,14,LSR,"I thought I'd have cashews and almonds in my balanced meal, but that's just nuts",NUTS!,SQUIRREL,CRAZY,5.56345,3.0,5.0014,1.8426,2.0,1.33695,1.0,1.0,5.56345,5.0014,1.8426,1.33695,2.0,,,Non-joke
33.0,,Sense1,,,,,,,,,,,,117,LSR,I tried to sing a very difficult song but I couldn't nail it.,NAIL IT,SUCCEED,RUST,3.5010199999999996,1.3,2.49217,1.56159,1.2,1.4712999999999998,2.7,1.0,3.5055594999999995,2.5121095,1.56159,1.473,10.0,,,Non-joke
34.0,,Sense1,,,,,,,,,,,,118,LSR,"I was sick for a long time, I'm all right now.",ALL RIGHT,OK,DIRECTION,3.31592,1.3,3.20502,1.62874,1.3,2.6131,2.7,1.0,3.31592,3.035086999999999,1.6476385,1.7882304999999996,10.0,,,Non-joke
35.0,,Sense1,,,,,,,,,,,,106,LSR,The teacher loved the summer because there were no classes,CLASSES,SCHOOL,STATUS,3.88571,1.7,3.14359,1.6067399999999998,1.2,1.65436,2.3,1.0,3.88571,3.14359,1.6067399999999998,1.65436,10.0,,,Non-joke
36.0,,Sense1,,,,,,,,,,,,64,LSR,How do you make the car fast? Take away the brakes.,FAST,QUICK,HUNGRY,4.282120000000001,2.2,3.2339,2.6314,2.0,1.36932,1.8,1.0,4.282120000000001,3.2339,2.5272309999999996,1.39604,5.0,,,Non-joke
37.0,,Sense1,,,,,,,,,,,,65,LSR,It's hard for people with neon clothes to hide as they're always spotted.,SPOTTED,SEEN,PATTERNED,5.19596,2.4,4.62468,1.51914,1.5,1.74164,1.8,1.0,5.074070999999999,3.902376999999999,1.531047,1.74664,10.0,,,Non-joke
38.0,,Sense1,,,,,,,,,,,,111,LSR,"-There is only sea here 
-Well, it was just ground this morning!",GROUND,DIRT,CRUSH,5.732128571428571,1.5714285714285714,4.4009,1.897757142857143,1.5714285714285714,2.031542857142857,2.4285714285714284,1.0,5.732128571428571,4.3279814285714275,1.897897857142857,2.031542857142857,7.0,,,Non-joke
39.0,,Sense1,,,,,,,,,,,,84,LSR,The University Student was happy in the winter. He had a great fall.,FALL,AUTUMN,SLIP,4.55918,3.2,2.64828,2.1665599999999996,1.0,1.5727,2.0,1.0,4.571659,2.64828,2.090371,1.5727,5.0,,,Non-joke
40.0,,Sense1,,,,,,,,,,,,67,LSR,Local man arrested: charged with battery,BATTERY,ASSAULT,POWERED,2.4511833333333333,2.1666666666666665,1.8142333333333336,2.2495499999999997,1.1666666666666667,1.6350333333333331,1.8333333333333333,1.0,2.4511833333333333,1.8249658333333336,1.816373333333333,1.6405333333333332,6.0,,,Non-joke
1.0,,Sense2,,,,,,,,,,,,85,LSR,"- Is this safe to eat? 
- Yes, I had it for breakfast",SAFE,BANK,HARMLESS,3.93832,6.0,2.78758,2.66159,1.3,1.7287,2.0,1.0,3.9546995,2.9023595,2.4205794999999997,1.73495,10.0,,,Non-joke
2.0,,Sense2,,,,,,,,,,,,113,LSR,The key to a happy life is to stay positive,POSITIVE,STEROIDS,ATTITUDE,4.10946,6.5,5.1459,1.93871,1.2,1.65026,2.5,1.0,4.1573195,3.2313764999999997,1.9554685,1.65026,10.0,,,Non-joke
3.0,,Sense2,,,,,,,,,,,,76,LSR,Two cellphones were tested. The reception was fantastic,RECEPTION,SIGNAL,PARTY,4.01276,2.1,3.18344,1.69455,1.2,1.42791,1.9,1.0,4.01276,3.1865794999999997,1.69455,1.42791,10.0,,,Non-joke
4.0,,Sense2,,,,,,,,,,,,71,LSR,"The oven was ready for the pizza, it was wood fired",FIRED,BURN,UNEMPLOYED,3.8685875,3.875,3.95715,1.3608875,1.0,1.61455,1.875,1.0,3.898561875,3.823129374999999,1.3608875,1.61655,8.0,,,Non-joke
5.0,,Sense2,,,,,,,,,,,,94,LSR,Two soldiers in a tank. One says: How do you drive this thing?,TANK,WAR,WATER,3.74897,1.9,3.71449,4.57537,1.6,1.59313,2.1,1.0,3.74897,3.71449,1.863934,1.59313,10.0,,,Non-joke
6.0,,Sense2,,,,,,,,,,,,73,LSR,The problem with some people is that they always take things literally.,TAKE,STOLEN,PERSPECTIVE,4.319177777777778,5.666666666666667,4.055000000000001,2.7860111111111108,1.4444444444444444,1.9254,1.8888888888888888,1.0,4.319177777777778,4.055000000000001,2.2328505555555553,1.9071672222222216,9.0,,,Non-joke
7.0,,Sense2,,,,,,,,,,,,86,LSR,The teacher was fired because she could not control her pupils,PUPILS,STUDENTS,EYES,3.3139875,2.0,2.376675,1.5851625,1.125,1.752975,2.0,1.0,3.352961875,2.376675,1.5851625,1.752975,8.0,,,Non-joke
8.0,,Sense2,,,,,,,,,,,,48,LSR,"The foreman told him to go to the mine. He said: ""that's what you pay me for""",MINE,BELONG,QUARRY,11.61725,5.3,3.59366,1.73808,1.5,2.41123,1.5,1.0,8.109162,3.6734795,1.73808,2.0746704999999994,10.0,,,Non-joke
9.0,,Sense2,,,,,,,,,,,,68,LSR,"I don't like people who take my stuff, for example: airport security.",TAKE,SNATCH,USE,6.035214285714285,2.142857142857143,3.626142857142857,1.914,1.4285714285714286,1.7694571428571426,1.8571428571428572,1.0,6.036856428571428,3.626142857142857,1.914,1.7694571428571426,7.0,,,Non-joke
10.0,,Sense2,,,,,,,,,,,,22,LSR,"-Order in the court! 
-I apologise, I will be silent, your Honour. ",ORDER,ASK,JUDGE,4.170477777777778,4.222222222222222,4.187944444444444,1.924011111111111,1.2222222222222223,1.895588888888889,1.1111111111111112,1.0,4.1871438888888886,4.187944444444444,1.819228333333333,1.7980672222222216,9.0,,,Non-joke
11.0,,Sense2,,,,,,,,,,,,50,LSR,The circus hires clowns because they are funny,FUNNY,WEIRD,LAUGHTER,2.8927428571428573,4.714285714285714,2.369942857142857,1.9604,1.0,1.4971,1.5714285714285714,1.0,2.9851128571428576,2.4026564285714285,1.9665121428571428,1.4971,7.0,,,Non-joke
12.0,,Sense2,,,,,,,,,,,,74,LSR,"After seeing the woman dressing, the man turned red",DRESSING,NAKED,CAESAR,3.177122222222222,2.5555555555555554,3.669866666666667,1.2052444444444446,1.3333333333333333,1.5235666666666663,1.8888888888888888,1.0,3.241498888888889,3.658329444444443,1.2052444444444446,1.5235666666666663,9.0,,,Non-joke
13.0,,Sense2,,,,,,,,,,,,100,LSR,The bank had to fire a few employees because it had too many tellers,TELLERS,GOSSIP,CASHIER,22.150066666666667,6.222222222222222,2.6413,1.2919666666666667,1.1111111111111112,1.4089555555555555,2.2222222222222223,1.0,4.692512222222222,2.6413,1.2919666666666667,1.4089555555555555,9.0,,,Non-joke
14.0,,Sense2,,,,,,,,,,,,98,LSR,"I heard he wanted a roll for lunch, I went to the bakery",ROLL,BREAD,SUCCESS,10.64371,1.8,2.99858,1.71723,1.4,1.61543,2.2,1.0,6.010951499999999,3.0147195,1.6277724999999996,1.61543,10.0,,,Non-joke
15.0,,Sense2,,,,,,,,,,,,107,LSR,"I asked the librarian for books about cooking. She whispered, ""They're right behind you!""",RIGHT BEHIND YOU,DANGER,LOCATION,3.1743555555555556,6.111111111111111,3.936922222222222,1.400388888888889,1.0,1.3799777777777775,2.3333333333333335,1.0,3.1743555555555556,3.3376961111111108,1.5033488888888888,1.3799777777777775,9.0,,,Non-joke
16.0,,Sense2,,,,,,,,,,,,87,LSR,You can't breathe on the moon because there's no atmosphere,ATMOSPHERE,LIVELY,OXYGEN,3.9415125,5.0,2.93795,1.5738625,1.0,1.2171375,2.0,1.0,4.035373125,2.93795,1.596060625,1.2171375,8.0,,,Non-joke
17.0,,Sense2,,,,,,,,,,,,88,LSR,Secret agents don't date because they don't want to give away their covers,COVERS,DUVET,IDENTITY,4.083600000000001,5.75,2.513075,1.4558125,1.25,1.524175,2.0,1.0,4.083600000000001,2.547849375,1.52094625,1.524175,8.0,,,Non-joke
18.0,,Sense2,,,,,,,,,,,,99,LSR,Why was the convict arrested? For holding up a bank,HOLDING UP,FASTEN,ROB,5.47273,5.6,3.4700800000000003,1.75959,1.0,1.88436,2.2,1.0,4.211090499999999,3.4100469999999996,1.7905570000000002,1.8594204999999997,10.0,,,Non-joke
19.0,,Sense2,,,,,,,,,,,,89,LSR,The actor ran from left to right: he was going across the stage,STAGE,THEATER,PHASE,4.6441,2.4444444444444446,3.7255777777777777,1.9313111111111112,1.3333333333333333,1.3768555555555555,2.0,1.0,4.6441,3.5803411111111103,1.6277933333333332,1.3768555555555555,9.0,,,Non-joke
20.0,,Sense2,,,,,,,,,,,,75,LSR,Mac users get fewer viruses because they don't have Windows,WINDOWS,COMPUTER,GLASS,2.458277777777778,2.5555555555555554,2.9182,1.0585,1.3333333333333333,2.5676888888888887,1.8888888888888888,1.0,2.463255,2.9182,1.10213,1.8021783333333328,9.0,,,Non-joke
21.0,,Sense2,,,,,,,,,,,,51,LSR,The calendar was useful. Its pages were numbered.,NUMBERED,LIMITED,SEQUENCE,4.323728571428572,5.285714285714286,5.1985,2.045314285714286,1.0,3.0987714285714287,1.5714285714285714,1.0,4.461799285714286,5.147262857142856,2.045314285714286,2.5428014285714275,7.0,,,Non-joke
22.0,,Sense2,,,,,,,,,,,,15,LSR,Jellyfish can't digest food internally. They don't have guts,GUTS,COURAGE,ORGANS,6.720955555555556,4.555555555555555,10.816666666666668,2.2713888888888887,1.1111111111111112,2.9149222222222217,1.0,1.0,6.653867777777778,5.505023333333331,2.199628333333333,2.635045,9.0,,,Non-joke
23.0,,Sense2,,,,,,,,,,,,54,LSR,Why did the painting cost extra? Because it was framed,FRAMED,TRAPPED,WOODEN,5.942349999999999,5.125,5.1572125,1.6975250000000002,1.125,1.8983625,1.625,1.0,5.264651249999999,5.1572125,1.703348125,1.8983625,8.0,,,Non-joke
24.0,,Sense2,,,,,,,,,,,,112,LSR,The square is the dead center of town,DEAD CENTER,COFFIN,MIDDLE,14.0671,6.444444444444445,4.408822222222223,2.5389999999999997,1.2222222222222223,1.9788222222222225,2.4444444444444446,1.0,4.454156666666666,4.408822222222223,2.5389999999999997,1.9788222222222225,9.0,,,Non-joke
25.0,,Sense2,,,,,,,,,,,,55,LSR,She had a photographic negative but never developed it.,DEVELOPED,IMPROVE,FILM,5.8519375,3.125,5.873075,1.858675,1.25,2.97465,1.625,1.0,5.24596375,4.409608749999999,1.873498125,2.539026249999999,8.0,,,Non-joke
26.0,,Sense2,,,,,,,,,,,,114,LSR,I did not destroy the calendar. All I did was rip a day off.,DAY OFF,LEAVE,RIP,4.405799999999999,1.5,3.162275,1.45115,1.5,1.887175,2.5,1.0,4.405799999999999,3.162275,1.45115,1.887175,4.0,,,Non-joke
27.0,,Sense2,,,,,,,,,,,,66,LSR,I told her that she was drawing her eyebrows too high; she looked angry,LOOKED,APPEARED,EXPRESSION,5.08138,2.2,4.4066,1.9281200000000005,1.2,2.23934,1.8,1.0,5.08138,4.4066,1.9281200000000005,2.154740999999999,5.0,,,Non-joke
28.0,,Sense2,,,,,,,,,,,,7,LSR,"I used to make money off my savings, but I lost the interest",INTEREST,ENTHUSIASM,EARNINGS,6.67918,4.2,4.3427999999999995,2.22124,4.3,2.02239,0.8,0.0,6.242240999999999,4.307046999999999,1.8835855,2.02239,0.0,,,Non-joke
29.0,,Sense2,,,,,,,,,,,,120,LSR,"I thought pressing the camera button was doing nothing, but then it clicked.",IT CLICKED,INSIGHT,SOUND,4.5878,7.0,3.2234,2.8917,2.0,2.2525,3.0,1.0,4.5878,3.2234,2.8917,2.2525,1.0,,,Non-joke
30.0,,Sense2,,,,,,,,,,,,90,LSR,"I saw the car didn't stop at the red light, and then it hit me.",IT HIT ME,REALISE,STRIKE,4.554475,5.0,3.863075,2.528675,1.0,1.593175,2.0,1.0,4.554475,3.863075,2.2582887499999993,1.593175,4.0,,,Non-joke
31.0,,Sense2,,,,,,,,,,,,5,LSR,"I wanted to buy a car with a gear stick, but I couldn't find a manual",MANUAL,HANDBOOK,TRANSMISSION,5.367275,3.25,3.088475,2.8766749999999996,1.5,2.264475,0.75,1.0,5.367275,3.088475,2.8766749999999996,2.204851249999999,4.0,,,Non-joke
32.0,,Sense2,,,,,,,,,,,,77,LSR,"Some people believe the earth is flat, but that's just nuts!",NUTS!,SQUIRREL,CRAZY,5.19578,5.9,6.4429,2.03964,1.2,1.42745,1.9,1.0,4.976730999999999,3.7149364999999994,2.03964,1.42745,10.0,,,Non-joke
33.0,,Sense2,,,,,,,,,,,,16,LSR,"I tried a bigger hammer to fix the painting to the wall, but I couldn't nail it.",NAIL IT,SUCCEED,RUST,14.027566666666669,3.0,7.054666666666667,1.7765333333333333,2.6666666666666665,2.9379333333333335,1.0,1.0,9.014269999999998,6.163223333333332,1.7765333333333333,2.438734999999999,3.0,,,Non-joke
34.0,,Sense2,,,,,,,,,,,,1,LSR,"I used to vote for the left, I'm all right now.",ALL RIGHT,OK,DIRECTION,26.0573,4.0,5.4553,1.535,1.0,1.0557,0.0,1.0,11.899209999999997,5.4553,1.535,1.0557,1.0,,,Non-joke
35.0,,Sense2,,,,,,,,,,,,26,LSR,Communists love economic equality because there are no classes,CLASSES,SCHOOL,STATUS,4.815628571428571,4.857142857142857,5.137214285714286,3.0678142857142854,1.1428571428571428,1.6711571428571428,1.1428571428571428,1.0,4.912627857142858,4.441624285714285,2.535693571428571,1.6711571428571428,7.0,,,Non-joke
36.0,,Sense2,,,,,,,,,,,,28,LSR,How do you make the bride fast? Take away her food.,FAST,QUICK,HUNGRY,5.684666666666668,4.166666666666667,3.751383333333333,2.3387,1.8333333333333333,2.7425166666666665,1.1666666666666667,1.0,5.739465833333334,3.945015833333333,2.3387,2.4489508333333325,6.0,,,Non-joke
37.0,,Sense2,,,,,,,,,,,,41,LSR,It's hard for leopards to have plain fur as they're always spotted.,SPOTTED,SEEN,PATTERNED,4.7636400000000005,3.8,5.72228,1.9034599999999997,1.4,2.9807599999999996,1.4,1.0,4.7636400000000005,5.72228,1.9034599999999997,2.0289609999999993,5.0,,,Non-joke
38.0,,Sense2,,,,,,,,,,,,78,LSR,"-Did you grind the nutmeg recently?
-Well, it was just ground this morning!",GROUND,DIRT,CRUSH,7.45302,5.5,4.15811,1.91666,1.7,2.0327200000000003,1.9,1.0,7.074611999999999,4.15811,1.91666,1.9114504999999995,10.0,,,Non-joke
39.0,,Sense2,,,,,,,,,,,,2,LSR,The man had broken his hip in the winter. He had a great fall.,FALL,AUTUMN,SLIP,11.0333,4.0,2.0335,2.9605,1.0,1.434,0.0,1.0,11.0333,2.0335,2.9605,1.434,1.0,,,Non-joke
40.0,,Sense2,,,,,,,,,,,,102,LSR,No need to plug in the toy: its battery is charged,BATTERY,ASSAULT,POWERED,4.412925,5.5,3.39825,2.01785,1.0,1.679375,2.25,1.0,4.412925,3.39825,2.01785,1.679375,8.0,,,Non-joke
1.0,,Joke,,,,,,,,,,,,117,AFC,"- Is this safe to eat?
- No, it's for storing valuable objects",SAFE,BANK,HARMLESS,9.19588,,,3.99958,5.6,3.1503799999999997,,1.0,9.036798999999998,,3.307129,2.841959999999999,5.0,3.85584,3.85584,Joke
2.0,,Joke,,,,,,,,,,,,52,AFC,The key to excel in sports is to stay positive,POSITIVE,STEROIDS,ATTITUDE,4.8697,,,3.3482,3.0,1.7189,,1.0,4.8697,,3.3482,1.7189,1.0,1.8849,1.8849,Joke
3.0,,Joke,,,,,,,,,,,,89,AFC,Two cellphones got married. The reception was fantastic,RECEPTION,SIGNAL,PARTY,5.6744111111111115,,,1.602666666666667,5.666666666666667,2.0515555555555554,,1.0,5.312243888888888,,1.6042783333333333,1.9441666666666664,9.0,2.5231777776666666,2.5231777776666666,Joke
4.0,,Joke,,,,,,,,,,,,82,AFC,"Joan d'Arc was not great at her job, she got fired",FIRED,BURN,UNEMPLOYED,3.788866666666667,,,1.3387833333333334,4.833333333333333,2.28875,,1.0,3.788866666666667,,1.3387833333333334,2.1751,6.0,2.3885,2.3885,Joke
5.0,,Joke,,,,,,,,,,,,93,AFC,Two fish in a tank. One says: How do you drive this thing?,TANK,WAR,WATER,6.03104,,,2.4834499999000004,5.4,2.12983,,1.0,5.8889594999999995,,2.400448999899999,2.12983,10.0,2.69084,2.69084,Joke
6.0,,Joke,,,,,,,,,,,,76,AFC,The problem with kleptomaniacs is that they always take things literally.,TAKE,STOLEN,PERSPECTIVE,6.005516666666666,,,1.67935,4.666666666666667,2.1015333333333333,,1.0,6.005516666666666,,1.67935,2.1015333333333333,6.0,2.3329333333333335,2.3329333333333335,Joke
7.0,,Joke,,,,,,,,,,,,104,AFC,The teacher's eyes were crossed because she could not control her pupils,PUPILS,STUDENTS,EYES,5.952042857142857,,,2.273914285714286,5.714285714285714,2.269614285714286,,1.0,5.952042857142857,,2.273914285714286,2.269614285714286,7.0,2.9480142857142857,2.9480142857142857,Joke
8.0,,Joke,,,,,,,,,,,,101,AFC,I told her I was going to make her mine. She has extracted two rubies so far,MINE,BELONG,QUARRY,8.328985714285714,,,1.9519285714285712,5.285714285714286,2.355714285714286,,1.0,7.989284999999998,,1.9705578571428572,2.3148999999999993,7.0,3.636414285714286,2.9264592857142846,Joke
9.0,,Joke,,,,,,,,,,,,102,AFC,"I don't like people who take drugs, for example: airport security.",TAKE,SNATCH,USE,5.790399999999999,,,1.3736142857142857,5.142857142857143,2.0390714285714284,,1.0,5.790399999999999,,1.3736142857142857,1.9126285714285711,7.0,2.946042857142857,2.946042857142857,Joke
10.0,,Joke,,,,,,,,,,,,115,AFC,"-Order in the court!
-Ham and cheese on rye, your Honour.",ORDER,ASK,JUDGE,5.96479,,,2.2151399999,5.2,3.4303,,1.0,5.96479,,2.2011144999,2.9463899999999996,10.0,4.899489999999999,3.543071499999999,Joke
11.0,,Joke,,,,,,,,,,,,97,AFC,Cannibals don't eat clowns because they taste funny,FUNNY,WEIRD,LAUGHTER,5.126287499875,,,1.935712499875,5.875,1.883875,,1.0,5.126287499875,,1.935712499875,1.8336775,8.0,2.7598374999999997,2.7598374999999997,Joke
12.0,,Joke,,,,,,,,,,,,94,AFC,"After seeing the salad dressing, the tomato turned red",DRESSING,NAKED,CAESAR,3.70678,,,1.7083499999,5.0,1.43725,,1.0,3.777587,,1.7083499999,1.444652,10.0,2.83608,2.6982814999999993,Joke
13.0,,Joke,,,,,,,,,,,,99,AFC,The bank couldn't keep any secrets because it had too many tellers,TELLERS,GOSSIP,CASHIER,4.108044444444444,,,1.2182666666666666,5.444444444444445,1.7196,,1.0,4.112853888888889,,1.2241561111111112,1.7196,9.0,3.2970111111111113,2.90104611111111,Joke
14.0,,Joke,,,,,,,,,,,,106,AFC,"I heard he was on a roll, turns out he fell asleep at the bakery.",ROLL,BREAD,SUCCESS,7.14005,,,2.16249,4.8,1.71251,,1.0,6.504908999999998,,1.962715,1.6716199999999997,10.0,3.3338900001,3.0285530000999983,Joke
15.0,,Joke,,,,,,,,,,,,53,AFC,"I asked the librarian for books about paranoia. She whispered, ""They're right behind you!""",RIGHT BEHIND YOU,DANGER,LOCATION,5.435528571428571,,,2.1622857142857144,4.857142857142857,1.5076142857142858,,1.0,5.435528571428571,,1.8446928571428567,1.5076142857142858,7.0,1.9112857142857145,1.9112857142857145,Joke
16.0,,Joke,,,,,,,,,,,,100,AFC,"The restaurant on the moon had great food, but no atmosphere",ATMOSPHERE,LIVELY,OXYGEN,5.337477777777778,,,1.4684666665555557,5.333333333333333,2.071188888888889,,1.0,5.344620555555555,,1.4684666665555557,1.8130888888888888,9.0,3.4510222223333336,2.92393500011111,Joke
17.0,,Joke,,,,,,,,,,,,23,AFC,Secret agents don't sleep because they don't want to give away their covers,COVERS,DUVET,IDENTITY,5.325162499999999,,,1.1414875,4.625,1.855300000125,,1.0,5.325162499999999,,1.187200625,1.855300000125,8.0,1.35155,1.3755525,Joke
18.0,,Joke,,,,,,,,,,,,86,AFC,Why was the belt arrested? For holding up a pair of pants,HOLDING UP,FASTEN,ROB,5.40399,,,1.1650000001,5.3,1.58886,,1.0,5.292837999999999,,1.1815505,1.592714,10.0,2.47639,2.47639,Joke
19.0,,Joke,,,,,,,,,,,,83,AFC,The actor fell through the floorboards: he was going through a stage,STAGE,THEATER,PHASE,5.156657142857143,,,1.4029428571428573,4.857142857142857,1.8735,,1.0,5.156657142857143,,1.4029428571428573,1.885417142857143,7.0,3.3939714285714286,2.403587857142856,Joke
20.0,,Joke,,,,,,,,,,,,68,AFC,Mac users don't get enough sunlight because they don't have Windows,WINDOWS,COMPUTER,GLASS,4.747960000000001,,,1.9967399999,5.1,1.9437700001,,1.0,4.747960000000001,,1.964615,1.9037800001,10.0,2.5166299999,2.1423734998999993,Joke
21.0,,Joke,,,,,,,,,,,,41,AFC,The calendar was worried. Its days were numbered.,NUMBERED,LIMITED,SEQUENCE,7.495177777777777,,,1.3867444444444443,4.888888888888889,1.288211111111111,,1.0,4.353019999999999,,1.4032672222222222,1.3123244444444444,9.0,1.6898333333333335,1.6898333333333335,Joke
22.0,,Joke,,,,,,,,,,,,26,AFC,The skeleton didn't ask her out. He didn't have the guts,GUTS,COURAGE,ORGANS,4.014122222222222,,,2.0414555554444447,5.111111111111111,1.7266222222222225,,1.0,4.037609444444445,,2.0498783333333335,1.7266222222222225,9.0,1.4341999998888888,1.4341999998888888,Joke
23.0,,Joke,,,,,,,,,,,,71,AFC,Why did the painting go to jail? Because it was framed,FRAMED,TRAPPED,WOODEN,3.5512375,,,1.64685,4.875,1.6237,,1.0,3.5512375,,1.649713125,1.6470175,8.0,3.679325,2.207564374999999,Joke
24.0,,Joke,,,,,,,,,,,,81,AFC,The graveyard is the dead center of town,DEAD CENTER,COFFIN,MIDDLE,3.1897555555555552,,,1.429722222222222,4.666666666666667,1.4928999998888888,,1.0,3.263428333333333,,1.429722222222222,1.4432599998888886,9.0,2.3724333332222223,2.3724333332222223,Joke
25.0,,Joke,,,,,,,,,,,,55,AFC,She had a photographic memory but never developed it.,DEVELOPED,IMPROVE,FILM,3.3612428571428574,,,1.3355999998571428,4.714285714285714,1.1319428571428571,,1.0,3.3612428571428574,,1.354829999857143,1.1541485714285713,7.0,1.9181857142857144,1.9181857142857144,Joke
26.0,,Joke,,,,,,,,,,,,42,AFC,I got fired from the calendar factory. All I did was take a day off.,DAY OFF,LEAVE,RIP,5.1572375,,,1.7837,4.75,1.515825,,1.0,5.055697499999999,,1.789838125,1.515825,8.0,1.620125,1.7066025,Joke
27.0,,Joke,,,,,,,,,,,,44,AFC,I told her that she was drawing her eyebrows too high; she looked surprised,LOOKED,APPEARED,EXPRESSION,5.2945142857142855,,,1.3892,5.285714285714286,1.6853,,1.0,5.2945142857142855,,1.411815,1.7091742857142858,7.0,1.7276857142857145,1.7320028571428572,Joke
28.0,,Joke,,,,,,,,,,,,58,AFC,"I used to be a banker, but I lost interest",INTEREST,ENTHUSIASM,EARNINGS,2.6615285714285717,,,1.2800857142857145,4.571428571428571,1.3784571428571428,,1.0,2.7488957142857147,,1.2800857142857145,1.3827885714285717,7.0,2.049185714285714,1.9503735714285704,Joke
29.0,,Joke,,,,,,,,,,,,33,AFC,"I couldn't figure out how to use the seatbelt, but then it clicked.",IT CLICKED,INSIGHT,SOUND,6.802111111111112,,,1.4794333333333334,5.222222222222222,1.3914222222222223,,1.0,4.200753333333332,,1.4863338888888888,1.412213333333333,9.0,1.5236333333333334,1.5236333333333334,Joke
30.0,,Joke,,,,,,,,,,,,57,AFC,"I wondered why the car was getting bigger, and then it hit me.",IT HIT ME,REALISE,STRIKE,4.2796,,,1.8276666666666663,5.0,1.507288888888889,,1.0,4.312976111111111,,1.8276666666666663,1.507288888888889,9.0,3.067700000111111,1.9499705556666656,Joke
31.0,,Joke,,,,,,,,,,,,85,AFC,"I wanted to learn to use the gear stick, but I couldn't find a manual",MANUAL,HANDBOOK,TRANSMISSION,6.877957142857143,,,2.367485714285714,4.857142857142857,1.2064,,1.0,5.211556428571427,,2.37583,1.2450485714285713,7.0,5.299585714285714,2.4696164285714275,Joke
32.0,,Joke,,,,,,,,,,,,27,AFC,"I thought about going on an all-almond diet, but that's just nuts!",NUTS!,SQUIRREL,CRAZY,4.690575,,,1.645625,3.875,1.440800000125,,1.0,4.690575,,1.670113125,1.440800000125,8.0,1.453125000125,1.453125000125,Joke
33.0,,Joke,,,,,,,,,,,,48,AFC,I tried to be a carpenter but I couldn't nail it.,NAIL IT,SUCCEED,RUST,2.722811111222222,,,1.3394222222222223,4.888888888888889,1.4511555555555555,,1.0,2.780265000111111,,1.3394222222222223,1.4637933333333333,9.0,2.1548777777777777,1.812181666666666,Joke
34.0,,Joke,,,,,,,,,,,,79,AFC,"I lost my left hand in an accident, I'm all right now.",ALL RIGHT,OK,DIRECTION,4.3511875,,,1.448375,4.5,1.67625,,1.0,4.368573125,,1.451463125,1.690015,8.0,6.5814875,2.360651874999999,Joke
35.0,,Joke,,,,,,,,,,,,35,AFC,The communist loved the summer because there were no classes,CLASSES,SCHOOL,STATUS,3.282842857,,,1.1991285712857145,4.0,1.0432571428571429,,1.0,3.3285835712857144,,1.2380292857142856,1.1309114285714286,7.0,1.5527714285714287,1.57446,Joke
36.0,,Joke,,,,,,,,,,,,92,AFC,How do you make the turtle fast? Take away its food.,FAST,QUICK,HUNGRY,4.8947625,,,1.3500375,4.25,1.305462499875,,1.0,4.8947625,,1.3500375,1.305462499875,8.0,5.8313375,2.681164374999999,Joke
37.0,,Joke,,,,,,,,,,,,9,AFC,It's hard for leopards to hide as they're always spotted.,SPOTTED,SEEN,PATTERNED,3.0513000000000003,,,1.6125000001428569,4.285714285714286,1.3611285714285712,,1.0,3.0513000000000003,,1.621987143,1.3611285714285712,7.0,1.1882285714285714,1.1882285714285714,Joke
38.0,,Joke,,,,,,,,,,,,51,AFC,"-This coffee tastes like mud 
-Well, it was just ground this morning!",GROUND,DIRT,CRUSH,4.258533333333333,,,2.0365777777777776,4.333333333333333,1.478811111111111,,1.0,4.258533333333333,,2.0267388888888886,1.4873577777777778,9.0,1.8575777777777776,1.881471111111111,Joke
39.0,,Joke,,,,,,,,,,,,15,AFC,Humpty Dumpty was happy in the winter. He had a great fall.,FALL,AUTUMN,SLIP,3.554442857142857,,,1.8926571428571428,4.857142857142857,1.2367428571428571,,1.0,3.624112142857143,,1.7869349999999995,1.2493057142857145,7.0,1.2136999999999998,1.2136999999999998,Joke
40.0,,Joke,,,,,,,,,,,,54,AFC,Energizer bunny arrested: charged with battery,BATTERY,ASSAULT,POWERED,7.1041799999,,,1.9315099999,5.5,1.23811,,1.0,5.227567999899999,,1.7378454999,1.251172,10.0,2.48325,1.9169734999999992,Joke
1.0,,Sense1,,,,,,,,,,,,90,AFC,"- Is this safe locked? 
- No, I left it open on purpose",SAFE,BANK,HARMLESS,3.8248625,,,1.450800000125,2.0,1.5461125,,1.0,3.892498125,,1.461675625125,1.5665525,8.0,3.9820125,2.540089374999999,Non-joke
2.0,,Sense1,,,,,,,,,,,,70,AFC,Sometimes in sports anti-doping tests are positive,POSITIVE,STEROIDS,ATTITUDE,4.881390000000001,,,1.7913600000000005,1.8,1.48678,,1.0,4.306488,,1.7913600000000005,1.494084,10.0,3.2596199999,2.1852514998999992,Non-joke
3.0,,Sense1,,,,,,,,,,,,18,AFC,Two friends got married. The reception was fantastic,RECEPTION,SIGNAL,PARTY,2.85405,,,2.1227375,1.875,1.5991875,,1.0,3.053855,,2.1227375,1.5562524999999998,8.0,1.2134625,1.2665675,Non-joke
4.0,,Sense1,,,,,,,,,,,,7,AFC,"The lawyer was not great at her job, she got fired",FIRED,BURN,UNEMPLOYED,3.2037833333333334,,,1.8218500001666669,1.3333333333333333,1.071583333333333,,1.0,3.2037833333333334,,1.8218500001666669,1.0864866666666666,6.0,1.05195,1.05195,Non-joke
5.0,,Sense1,,,,,,,,,,,,5,AFC,Two fish in a tank. One says: When do you think we'll get fed?,TANK,WAR,WATER,3.68714,,,1.21628,1.2,1.29412,,1.0,3.68714,,1.21628,1.29412,5.0,0.9873,1.025204,Non-joke
6.0,,Sense1,,,,,,,,,,,,10,AFC,The problem with thieves is that they always take other people's things,TAKE,STOLEN,PERSPECTIVE,4.16424,,,1.51906,1.6,1.33497,,1.0,3.921719499999999,,1.504725,1.33497,10.0,1.1397599999,1.1882659999,Non-joke
7.0,,Sense1,,,,,,,,,,,,17,AFC,The woman was cross-eyed because she could not control her pupils,PUPILS,STUDENTS,EYES,3.4772,,,2.43276,1.2,1.1551,,1.0,3.4772,,2.1013089999999996,1.1551,5.0,1.22724,1.262508,Non-joke
8.0,,Sense1,,,,,,,,,,,,16,AFC,I told her I was going to make her mine. She loved the idea of marrying me,MINE,BELONG,QUARRY,6.27032,,,2.67665,1.6,1.64887,,1.0,4.948179499999999,,1.6909949999999998,1.64887,10.0,1.23507,1.23507,Non-joke
9.0,,Sense1,,,,,,,,,,,,6,AFC,"I don't like people who take drugs, for example: cocaine addicts",TAKE,SNATCH,USE,2.88645,,,1.731,1.875,1.37465,,1.0,2.942848125,,1.750938125,1.37465,8.0,0.99955,1.0402675,Non-joke
10.0,,Sense1,,,,,,,,,,,,39,AFC,"-Order in the cafeteria 
-Ham and cheese on rye, please. ",ORDER,ASK,JUDGE,3.7100166666666663,,,2.435166666666667,1.6666666666666667,1.6044833333333333,,1.0,3.7100166666666663,,2.435166666666667,1.6044833333333333,6.0,1.671266666666667,1.6814533333333337,Non-joke
11.0,,Sense1,,,,,,,,,,,,78,AFC,Cannibals don't eat rotten eggs because they taste funny,FUNNY,WEIRD,LAUGHTER,4.4515,,,3.4113333333333333,2.3333333333333335,1.5355333333333334,,1.0,4.4515,,3.4113333333333333,1.5355333333333334,3.0,2.3493333333333335,2.3493333333333335,Non-joke
12.0,,Sense1,,,,,,,,,,,,105,AFC,"After seeing the salad dressing, the chef was satisfied",DRESSING,NAKED,CAESAR,4.157325,,,2.14335,1.25,1.9888,,1.0,4.157325,,2.14335,1.9888,4.0,3.10135,2.995453749999998,Non-joke
13.0,,Sense1,,,,,,,,,,,,96,AFC,The receptionist considered himself a teller of hard truths,TELLERS,GOSSIP,CASHIER,5.011299999999999,,,2.2295285714285713,1.8571428571428572,1.8364857142857145,,1.0,5.011299999999999,,2.2295285714285713,1.8364857142857145,7.0,2.745014285714286,2.745014285714286,Non-joke
14.0,,Sense1,,,,,,,,,,,,84,AFC,"I heard he was on a roll, turns out his last three books were bestsellers.",ROLL,BREAD,SUCCESS,6.35804,,,1.7681399999,1.8,2.10339,,1.0,6.35804,,1.7681399999,2.10339,10.0,2.46006,2.46006,Non-joke
15.0,,Sense1,,,,,,,,,,,,109,AFC,"I asked the chief about the spies. She whispered, ""They're right behind you!""",RIGHT BEHIND YOU,DANGER,LOCATION,7.884033333333334,,,3.2444,1.6666666666666667,3.2142666666666666,,1.0,7.884033333333334,,2.6456483333333325,3.2142666666666666,3.0,3.1177333333333337,3.1177333333333337,Non-joke
16.0,,Sense1,,,,,,,,,,,,77,AFC,"The restaurant at the resort had great food, but no atmosphere",ATMOSPHERE,LIVELY,OXYGEN,7.476228571428571,,,1.6810571428571428,1.4285714285714286,1.6395428571428572,,1.0,6.267970714285712,,1.6810571428571428,1.6395428571428572,7.0,2.344257142857143,2.344257142857143,Non-joke
17.0,,Sense1,,,,,,,,,,,,75,AFC,Sleepy people don't want to give up their bed covers,COVERS,DUVET,IDENTITY,5.908533333499999,,,2.92075,2.3333333333333335,2.2279833333333334,,1.0,5.587982500166665,,2.0633741666666663,2.202133333333333,6.0,3.116766666666667,2.3327524999999985,Non-joke
18.0,,Sense1,,,,,,,,,,,,66,AFC,Why was the belt created? For holding up a pair of pants,HOLDING UP,FASTEN,ROB,6.114842857142857,,,2.0755285714285714,1.8571428571428572,2.0211571428571427,,1.0,6.114842857142857,,2.0755285714285714,2.0211571428571427,7.0,2.088742857142857,2.088742857142857,Non-joke
19.0,,Sense1,,,,,,,,,,,,88,AFC,The toddler would only eat pasta: he was going through a stage,STAGE,THEATER,PHASE,6.7912999998888886,,,1.4205222222222222,1.6666666666666667,1.806611111111111,,1.0,6.756299444333333,,1.4205222222222222,1.806611111111111,9.0,2.5214222222222222,2.493803888888888,Non-joke
20.0,,Sense1,,,,,,,,,,,,63,AFC,Prisoners don't get enough light because they don't have windows,WINDOWS,COMPUTER,GLASS,5.499614285714286,,,1.8564,1.1428571428571428,2.2053857142857143,,1.0,5.499614285714286,,1.8564,2.2053857142857143,7.0,2.007657142857143,2.007657142857143,Non-joke
21.0,,Sense1,,,,,,,,,,,,38,AFC,The man on death row was worried. His days were numbered.,NUMBERED,LIMITED,SEQUENCE,4.8043,,,2.7983142855714283,1.1428571428571428,1.7429857142857144,,1.0,4.8043,,2.0714207141428567,1.7429857142857144,7.0,1.645657142857143,1.645657142857143,Non-joke
22.0,,Sense1,,,,,,,,,,,,37,AFC,The man didn't ask her out. He didn't have the guts,GUTS,COURAGE,ORGANS,5.67517142857143,,,3.245242857142857,1.7142857142857142,1.7796,,1.0,4.876627857142856,,3.245242857142857,1.7796,7.0,1.5908714285714285,1.6052457142857144,Non-joke
23.0,,Sense1,,,,,,,,,,,,59,AFC,Why did your brother go to jail? Because he was framed,FRAMED,TRAPPED,WOODEN,3.417157142857143,,,2.1131428572857143,1.4285714285714286,1.9389857142857143,,1.0,3.417157142857143,,2.1131428572857143,1.9389857142857143,7.0,1.9599142857142855,1.9599142857142855,Non-joke
24.0,,Sense1,,,,,,,,,,,,50,AFC,A mortuary can be thought of as a dead center,DEAD CENTER,COFFIN,MIDDLE,4.633216666666667,,,2.3302166664999997,1.1666666666666667,1.45765,,1.0,4.633216666666667,,2.3302166664999997,1.45765,6.0,1.8266333335,1.8266333335,Non-joke
25.0,,Sense1,,,,,,,,,,,,30,AFC,She had a bright mind but never developed it.,DEVELOPED,IMPROVE,FILM,4.8047625,,,1.739875,2.0,1.6164875,,1.0,4.7408118749999995,,1.756463125,1.6164875,8.0,1.4790875,1.4840775000000002,Non-joke
26.0,,Sense1,,,,,,,,,,,,65,AFC,I got fired from the chocolate factory. All I did was take a day off.,DAY OFF,LEAVE,RIP,4.833844444333334,,,1.607477777888889,1.5555555555555556,2.087788888888889,,1.0,4.833844444333334,,1.6233116667777778,2.0052888888888885,9.0,2.051266666777778,2.051266666777778,Non-joke
27.0,,Sense1,,,,,,,,,,,,40,AFC,She wasn't expecting me because I came unannounced; she looked surprised.,LOOKED,APPEARED,EXPRESSION,4.33986,,,2.2235000001,1.7,1.47417,,1.0,4.33986,,2.2235000001,1.474512,10.0,1.68945,1.68945,Non-joke
28.0,,Sense1,,,,,,,,,,,,36,AFC,"I used to be into chess, but I lost interest",INTEREST,ENTHUSIASM,EARNINGS,3.7509625,,,2.052199999875,1.625,1.8729875,,1.0,3.791235625,,2.052199999875,1.8729875,8.0,1.6052375,1.6052375,Non-joke
29.0,,Sense1,,,,,,,,,,,,72,AFC,"I couldn't figure out how to solve the math problem, but then it clicked.",IT CLICKED,INSIGHT,SOUND,5.623557142857143,,,2.265657142857143,1.8571428571428572,1.764857142857143,,1.0,5.551356428571428,,2.1151064285714285,1.764857142857143,7.0,2.2272142857142856,2.2272142857142856,Non-joke
30.0,,Sense1,,,,,,,,,,,,46,AFC,"I had no idea who could have done this, and then it hit me.",IT HIT ME,REALISE,STRIKE,3.9619142857142857,,,2.4009714285714283,1.7142857142857142,1.812457143,,1.0,4.005783571428571,,2.241663571428571,1.812457143,7.0,1.7730571428571429,1.7730571428571429,Non-joke
31.0,,Sense1,,,,,,,,,,,,61,AFC,"I wanted to learn how to operate the new machine, but I couldn't find a manual",MANUAL,HANDBOOK,TRANSMISSION,4.6643875,,,1.882424999875,2.0,1.3791125,,1.0,4.6643875,,1.882424999875,1.3791125,8.0,1.969087500125,1.969087500125,Non-joke
32.0,,Sense1,,,,,,,,,,,,91,AFC,"I thought I'd have cashews and almonds in my balanced meal, but that's just nuts",NUTS!,SQUIRREL,CRAZY,5.0695600001,,,2.52456,4.7,1.26263,,0.0,5.0850785001,,2.4191045,1.294844,0.0,2.71441,2.636711499999999,Non-joke
33.0,,Sense1,,,,,,,,,,,,2,AFC,I tried to sing a very difficult song but I couldn't nail it.,NAIL IT,SUCCEED,RUST,3.5627714285714283,,,1.6313857144285715,1.8571428571428572,1.407957142857143,,1.0,3.5627714285714283,,1.636972143,1.407957142857143,7.0,0.965642857,0.974202857,Non-joke
34.0,,Sense1,,,,,,,,,,,,12,AFC,"I was sick for a long time, I'm all right now.",ALL RIGHT,OK,DIRECTION,3.318811111111111,,,1.5007555555555556,1.6666666666666667,1.5639888887777778,,1.0,3.379185555555555,,1.508333888888889,1.5777355554444443,9.0,1.1933666667777778,1.2091022223333332,Non-joke
35.0,,Sense1,,,,,,,,,,,,32,AFC,The teacher loved the summer because there were no classes,CLASSES,SCHOOL,STATUS,4.160675,,,3.09905,2.125,1.433375000125,,1.0,4.160675,,2.4827812499999995,1.451165000125,8.0,1.491825,1.491825,Non-joke
36.0,,Sense1,,,,,,,,,,,,1,AFC,How do you make the car fast? Take away the brakes.,FAST,QUICK,HUNGRY,3.4311,,,2.1611,2.0,1.4883,,1.0,3.4311,,2.1611,1.4883,2.0,0.8274999995000001,0.84186,Non-joke
37.0,,Sense1,,,,,,,,,,,,45,AFC,It's hard for people with neon clothes to hide as they're always spotted.,SPOTTED,SEEN,PATTERNED,4.99208,,,2.45188,1.4,1.97136,,1.0,4.99208,,2.076228999999999,1.97136,5.0,1.7407,1.7407,Non-joke
38.0,,Sense1,,,,,,,,,,,,47,AFC,"-There is only sea here 
-Well, it was just ground this morning!",GROUND,DIRT,CRUSH,7.117225,,,1.260375,1.5,1.60695,,1.0,6.115323749999998,,1.3232525,1.60695,4.0,1.8063,1.8063,Non-joke
39.0,,Sense1,,,,,,,,,,,,60,AFC,The University Student was happy in the winter. He had a great fall.,FALL,AUTUMN,SLIP,5.085675,,,2.91129999975,2.25,2.01332499975,,1.0,5.085675,,2.8885862499999995,2.0029499997499993,4.0,1.957425,1.96213,Non-joke
40.0,,Sense1,,,,,,,,,,,,43,AFC,Local man arrested: charged with battery,BATTERY,ASSAULT,POWERED,7.787157142857143,,,1.5104285714285717,1.5714285714285714,1.4586428571428571,,1.0,4.314242142857142,,1.5104285714285717,1.4586428571428571,7.0,1.7049714284285713,1.7091742855714287,Non-joke
1.0,,Sense2,,,,,,,,,,,,13,AFC,"- Is this safe to eat? 
- Yes, I had it for breakfast",SAFE,BANK,HARMLESS,3.8476222222222223,,,1.5583,1.5555555555555556,1.7286333333333337,,1.0,3.8476222222222223,,1.5602783333333334,1.7286333333333337,9.0,1.210788888888889,1.210788888888889,Non-joke
2.0,,Sense2,,,,,,,,,,,,69,AFC,The key to a happy life is to stay positive,POSITIVE,STEROIDS,ATTITUDE,3.009822222222222,,,1.6547444445555557,1.5555555555555556,1.5710333334444444,,1.0,3.0690094444444447,,1.6618672223333335,1.5710333334444444,9.0,2.152533333333333,2.152533333333333,Non-joke
3.0,,Sense2,,,,,,,,,,,,56,AFC,Two cellphones were tested. The reception was fantastic,RECEPTION,SIGNAL,PARTY,3.7554,,,1.7320428571428572,1.7142857142857142,2.495857142857143,,1.0,3.7554,,1.7989864285714283,2.295399999999999,7.0,2.0466285714285712,1.9353307142857132,Non-joke
4.0,,Sense2,,,,,,,,,,,,11,AFC,"The oven was ready for the pizza, it was wood fired",FIRED,BURN,UNEMPLOYED,5.608585714428571,,,2.356242857142857,1.5714285714285714,1.967042857142857,,1.0,5.506027857285714,,2.356242857142857,1.806442857142857,7.0,1.1834142857142855,1.2027314285714286,Non-joke
5.0,,Sense2,,,,,,,,,,,,25,AFC,Two soldiers in a tank. One says: How do you drive this thing?,TANK,WAR,WATER,2.583814285714286,,,1.2768857141428571,1.7142857142857142,1.2929714285714289,,1.0,2.6685264285714285,,1.2773864284285714,1.3265742857142857,7.0,1.4174714285714285,1.431017142857143,Non-joke
6.0,,Sense2,,,,,,,,,,,,20,AFC,The problem with some people is that they always take things literally.,TAKE,STOLEN,PERSPECTIVE,3.4226285712857143,,,1.389857142857143,1.8571428571428572,1.5973857142857142,,1.0,3.4226285712857143,,1.389857142857143,1.5973857142857142,7.0,1.3449714285714285,1.3449714285714285,Non-joke
7.0,,Sense2,,,,,,,,,,,,14,AFC,The teacher was fired because she could not control her pupils,PUPILS,STUDENTS,EYES,4.3269899999,,,1.7864,1.5,1.7812799999,,1.0,3.873649499899999,,1.8005205,1.7812799999,10.0,1.1896600000000002,1.211706,Non-joke
8.0,,Sense2,,,,,,,,,,,,28,AFC,"The foreman told him to go to the mine. He said: ""that's what you pay me for""",MINE,BELONG,QUARRY,7.7234100001,,,2.11674,1.7,1.5961499999000002,,1.0,7.478869500099999,,2.1113744999999997,1.6197319999000002,10.0,1.47202,1.47202,Non-joke
9.0,,Sense2,,,,,,,,,,,,62,AFC,"I don't like people who take my stuff, for example: airport security.",TAKE,SNATCH,USE,3.4742333333333337,,,1.3427333333333331,1.6666666666666667,1.558266666666667,,1.0,3.5133283333333334,,1.3427333333333331,1.558266666666667,3.0,1.9858,1.9858,Non-joke
10.0,,Sense2,,,,,,,,,,,,110,AFC,"-Order in the court! 
-I apologise, I will be silent, your Honour. ",ORDER,ASK,JUDGE,5.1472875,,,2.390262499875,1.625,1.9477875,,1.0,5.1472875,,2.314480624875,1.9294499999999997,8.0,3.384062499875,3.229089374999999,Non-joke
11.0,,Sense2,,,,,,,,,,,,74,AFC,The circus hires clowns because they are funny,FUNNY,WEIRD,LAUGHTER,6.621066666666667,,,1.4427833333333335,1.8333333333333333,1.5975,,1.0,3.874829999999999,,1.4427833333333335,1.6047033333333334,6.0,3.6367,2.275505833333332,Non-joke
12.0,,Sense2,,,,,,,,,,,,8,AFC,"After seeing the woman dressing, the man turned red",DRESSING,NAKED,CAESAR,2.702916666666667,,,1.3878333333333333,1.6666666666666667,1.3015666666666668,,1.0,2.7854449999999997,,1.4197341666666663,1.3015666666666668,6.0,1.1071,1.1440366666666668,Non-joke
13.0,,Sense2,,,,,,,,,,,,22,AFC,The bank had to fire a few employees because it had too many tellers,TELLERS,GOSSIP,CASHIER,4.540666666666667,,,1.602922222222222,2.0,1.179633333333333,,1.0,4.450399444444444,,1.6045227777777775,1.2041266666666666,9.0,1.3261222222222222,1.3629377777777778,Non-joke
14.0,,Sense2,,,,,,,,,,,,4,AFC,"I heard he wanted a roll for lunch, I went to the bakery",ROLL,BREAD,SUCCESS,3.1064875,,,1.328862499875,1.625,1.445900000125,,1.0,3.140723125,,1.355013124875,1.457090000125,8.0,0.95705,1.0139825,Non-joke
15.0,,Sense2,,,,,,,,,,,,29,AFC,"I asked the librarian for books about cooking. She whispered, ""They're right behind you!""",RIGHT BEHIND YOU,DANGER,LOCATION,4.5857800001,,,2.4308000001,1.7,1.76071,,1.0,4.5857800001,,2.3565645000999997,1.76071,10.0,1.48028,1.48028,Non-joke
16.0,,Sense2,,,,,,,,,,,,3,AFC,You can't breathe on the moon because there's no atmosphere,ATMOSPHERE,LIVELY,OXYGEN,2.7821625,,,1.284850000125,1.5,1.2579375,,1.0,2.838535625,,1.284850000125,1.28484,8.0,0.967825,0.984155,Non-joke
17.0,,Sense2,,,,,,,,,,,,19,AFC,Secret agents don't date because they don't want to give away their covers,COVERS,DUVET,IDENTITY,4.179577777666667,,,2.117977777777778,1.8888888888888888,1.4372555555555555,,1.0,4.183420555444445,,2.0732827777777776,1.4372555555555555,9.0,1.289,1.297057777777778,Non-joke
18.0,,Sense2,,,,,,,,,,,,21,AFC,Why was the convict arrested? For holding up a bank,HOLDING UP,FASTEN,ROB,3.6481125,,,1.4682625,1.625,1.260625,,1.0,3.690873125,,1.478125625,1.260625,8.0,1.3544,1.3544,Non-joke
19.0,,Sense2,,,,,,,,,,,,34,AFC,The actor ran from left to right: he was going across the stage,STAGE,THEATER,PHASE,4.496042857,,,1.2654142857142858,1.5714285714285714,1.7132142857142856,,1.0,4.496042857,,1.2654142857142858,1.7132142857142856,7.0,1.546457142857143,1.5469028571428571,Non-joke
20.0,,Sense2,,,,,,,,,,,,31,AFC,Mac users get fewer viruses because they don't have Windows,WINDOWS,COMPUTER,GLASS,3.1117999999999997,,,1.417,1.5714285714285714,2.4524857142857144,,1.0,3.120255,,1.431672142857143,2.179271428571428,7.0,1.4665857142857142,1.4858171428571427,Non-joke
21.0,,Sense2,,,,,,,,,,,,107,AFC,The calendar was useful. Its pages were numbered.,NUMBERED,LIMITED,SEQUENCE,5.61075,,,3.662,1.6666666666666667,5.791816666666667,,1.0,5.61075,,3.361298333333332,2.7013166666666657,6.0,3.03285,3.03285,Non-joke
22.0,,Sense2,,,,,,,,,,,,73,AFC,Jellyfish can't digest food internally. They don't have guts,GUTS,COURAGE,ORGANS,5.19982,,,2.7796799998,1.4,2.48668,,1.0,5.5464970000000005,,2.7796799998,2.4802199999999996,5.0,2.25106,2.25106,Non-joke
23.0,,Sense2,,,,,,,,,,,,112,AFC,Why did the painting cost extra? Because it was framed,FRAMED,TRAPPED,WOODEN,4.8590333333333335,,,1.4586333333333332,1.3333333333333333,2.035266666666667,,1.0,4.8590333333333335,,1.4586333333333332,2.035266666666667,3.0,3.2569666666666666,3.2569666666666666,Non-joke
24.0,,Sense2,,,,,,,,,,,,108,AFC,The square is the dead center of town,DEAD CENTER,COFFIN,MIDDLE,7.085114285714285,,,3.217071428571429,1.7142857142857142,2.452442857142857,,1.0,7.057442142857141,,2.6617985714285703,2.3046571428571423,7.0,3.0419142857142853,3.0419142857142853,Non-joke
25.0,,Sense2,,,,,,,,,,,,113,AFC,She had a photographic negative but never developed it.,DEVELOPED,IMPROVE,FILM,4.929114285714285,,,2.701971428571429,1.7142857142857142,2.0166,,1.0,4.929114285714285,,2.701971428571429,2.0166,7.0,3.5139285714285715,3.4707307142857133,Non-joke
26.0,,Sense2,,,,,,,,,,,,120,AFC,I did not destroy the calendar. All I did was rip a day off.,DAY OFF,LEAVE,RIP,5.2533,,,2.7531,1.0,3.3308,,1.0,5.2533,,2.7531,3.3308,1.0,4.6278,4.6278,Non-joke
27.0,,Sense2,,,,,,,,,,,,116,AFC,I told her that she was drawing her eyebrows too high; she looked angry,LOOKED,APPEARED,EXPRESSION,5.28385,,,4.60965,2.0,1.9391,,1.0,5.28385,,3.9358724999999986,1.9391,2.0,3.66065,3.66065,Non-joke
28.0,,Sense2,,,,,,,,,,,,103,AFC,"I used to make money off my savings, but I lost the interest",INTEREST,ENTHUSIASM,EARNINGS,4.4416,,,2.3634500000000003,1.5,1.6017,,1.0,4.4416,,2.3634500000000003,1.6017,2.0,2.9462,2.9462,Non-joke
29.0,,Sense2,,,,,,,,,,,,118,AFC,"I thought pressing the camera button was doing nothing, but then it clicked.",IT CLICKED,INSIGHT,SOUND,8.318950000000001,,,2.59165,3.0,2.3981,,1.0,8.318950000000001,,2.59165,2.3981,2.0,4.0654,4.0654,Non-joke
30.0,,Sense2,,,,,,,,,,,,119,AFC,"I saw the car didn't stop at the red light, and then it hit me.",IT HIT ME,REALISE,STRIKE,6.0250999998,,,4.178240000000001,2.4,1.8865600002,,1.0,6.0250999998,,3.287937999999999,1.8865600002,5.0,4.90164,4.591102999999999,Non-joke
31.0,,Sense2,,,,,,,,,,,,98,AFC,"I wanted to buy a car with a gear stick, but I couldn't find a manual",MANUAL,HANDBOOK,TRANSMISSION,5.90139,,,3.2140699999,5.0,1.69218,,0.0,5.90139,,1.9988244998999996,1.69218,0.0,4.61485,2.8341749999999983,Non-joke
32.0,,Sense2,,,,,,,,,,,,24,AFC,"Some people believe the earth is flat, but that's just nuts!",NUTS!,SQUIRREL,CRAZY,7.959774999875,,,2.0542375,1.625,1.680162500125,,1.0,4.858649374874999,,2.0542375,1.680162500125,8.0,1.387337499875,1.390277499875,Non-joke
33.0,,Sense2,,,,,,,,,,,,114,AFC,"I tried a bigger hammer to fix the painting to the wall, but I couldn't nail it.",NAIL IT,SUCCEED,RUST,6.521233333666667,,,2.8131,1.3333333333333333,1.3678666666666668,,1.0,6.521233333666667,,2.8131,1.3678666666666668,3.0,3.589,3.483938333333331,Non-joke
34.0,,Sense2,,,,,,,,,,,,95,AFC,"I used to vote for the left, I'm all right now.",ALL RIGHT,OK,DIRECTION,3.6923000003333337,,,2.564833333333333,1.6666666666666667,1.5507333333333333,,1.0,3.6923000003333337,,2.564833333333333,1.5507333333333333,3.0,2.737133333333334,2.737133333333334,Non-joke
35.0,,Sense2,,,,,,,,,,,,49,AFC,Communists love economic equality because there are no classes,CLASSES,SCHOOL,STATUS,5.741416666666666,,,1.5662333331666665,2.3333333333333335,1.8934166666666667,,1.0,5.618649166666665,,1.5662333331666665,1.9371033333333336,6.0,1.8243,1.8243,Non-joke
36.0,,Sense2,,,,,,,,,,,,87,AFC,How do you make the bride fast? Take away her food.,FAST,QUICK,HUNGRY,7.559233333333334,,,1.3920333333333332,1.0,1.2470333333333332,,1.0,7.559233333333334,,1.3920333333333332,1.2470333333333332,3.0,2.4897,2.4897,Non-joke
37.0,,Sense2,,,,,,,,,,,,80,AFC,It's hard for leopards to have plain fur as they're always spotted.,SPOTTED,SEEN,PATTERNED,6.351866667,,,2.6552666666666664,3.3333333333333335,2.258433333333333,,1.0,6.351866667,,2.6552666666666664,2.258433333333333,3.0,2.3641333330000003,2.3641333330000003,Non-joke
38.0,,Sense2,,,,,,,,,,,,64,AFC,"-Did you grind the nutmeg recently?
-Well, it was just ground this morning!",GROUND,DIRT,CRUSH,10.136222222333334,,,2.5944555555555557,1.8888888888888888,1.6196555555555556,,1.0,8.281475555666663,,2.336505,1.6196555555555556,9.0,2.0416666666666665,2.0416666666666665,Non-joke
39.0,,Sense2,,,,,,,,,,,,111,AFC,The man had broken his hip in the winter. He had a great fall.,FALL,AUTUMN,SLIP,5.297140000000001,,,1.55288,1.8,2.1702000000000004,,1.0,5.297140000000001,,1.55288,1.9901799999999992,5.0,3.24998,3.24998,Non-joke
40.0,,Sense2,,,,,,,,,,,,67,AFC,No need to plug in the toy: its battery is charged,BATTERY,ASSAULT,POWERED,5.935985714285714,,,2.186857142857143,1.7142857142857142,1.8657714285714284,,1.0,5.528042142857141,,1.827878571428571,1.8657714285714284,7.0,2.4537428571428572,2.1190021428571417,Non-joke
